geo,sex,vintage,start_year,end_year,age_at_start,age_at_end,start_pop,end_pop,net_migration,net_pct_of_start
Bronx,all,v2020,2010,2015,15-19,20-24,115581,122549,6968,6.0
Bronx,all,v2020,2011,2016,15-19,20-24,114572,118815,4243,3.7
Bronx,all,v2020,2012,2017,15-19,20-24,110325,113409,3084,2.8
Bronx,all,v2020,2013,2018,15-19,20-24,106643,108173,1530,1.4
Bronx,all,v2020,2014,2019,15-19,20-24,103357,103768,411,0.4
Bronx,all,v2020,2015,2020,15-19,20-24,100366,99719,-647,-0.6
Bronx,all,v2025,2020,2025,15-19,20-24,104222,101390,-2832,-2.7
Bronx,all,v2020,2010,2015,20-24,25-29,112834,115662,2828,2.5
Bronx,all,v2020,2011,2016,20-24,25-29,113927,120079,6152,5.4
Bronx,all,v2020,2012,2017,20-24,25-29,117981,123613,5632,4.8
Bronx,all,v2020,2013,2018,20-24,25-29,122303,124238,1935,1.6
Bronx,all,v2020,2014,2019,20-24,25-29,123331,123016,-315,-0.3
Bronx,all,v2020,2015,2020,20-24,25-29,122549,119437,-3112,-2.5
Bronx,all,v2025,2020,2025,20-24,25-29,105284,104521,-763,-0.7
Bronx,all,v2020,2010,2015,25-29,30-34,105658,103869,-1789,-1.7
Bronx,all,v2020,2011,2016,25-29,30-34,105739,104365,-1374,-1.3
Bronx,all,v2020,2012,2017,25-29,30-34,106699,105686,-1013,-0.9
Bronx,all,v2020,2013,2018,25-29,30-34,108311,105726,-2585,-2.4
Bronx,all,v2020,2014,2019,25-29,30-34,111437,106282,-5155,-4.6
Bronx,all,v2020,2015,2020,25-29,30-34,115662,107199,-8463,-7.3
Bronx,all,v2025,2020,2025,25-29,30-34,110818,101239,-9579,-8.6
Bronx,female,v2020,2010,2015,15-19,20-24,56166,61229,5063,9.0
Bronx,female,v2020,2011,2016,15-19,20-24,55681,59493,3812,6.8
Bronx,female,v2020,2012,2017,15-19,20-24,53624,56804,3180,5.9
Bronx,female,v2020,2013,2018,15-19,20-24,51966,54262,2296,4.4
Bronx,female,v2020,2014,2019,15-19,20-24,50315,51857,1542,3.1
Bronx,female,v2020,2015,2020,15-19,20-24,48850,49811,961,2.0
Bronx,female,v2025,2020,2025,15-19,20-24,51135,50682,-453,-0.9
Bronx,female,v2020,2010,2015,20-24,25-29,56255,59521,3266,5.8
Bronx,female,v2020,2011,2016,20-24,25-29,56692,61525,4833,8.5
Bronx,female,v2020,2012,2017,20-24,25-29,58584,63177,4593,7.8
Bronx,female,v2020,2013,2018,20-24,25-29,60834,63406,2572,4.2
Bronx,female,v2020,2014,2019,20-24,25-29,61308,62693,1385,2.3
Bronx,female,v2020,2015,2020,20-24,25-29,61229,60837,-392,-0.6
Bronx,female,v2025,2020,2025,20-24,25-29,52450,54170,1720,3.3
Bronx,female,v2020,2010,2015,25-29,30-34,55938,55256,-682,-1.2
Bronx,female,v2020,2011,2016,25-29,30-34,55925,55181,-744,-1.3
Bronx,female,v2020,2012,2017,25-29,30-34,55999,55560,-439,-0.8
Bronx,female,v2020,2013,2018,25-29,30-34,56590,55221,-1369,-2.4
Bronx,female,v2020,2014,2019,25-29,30-34,57864,55309,-2555,-4.4
Bronx,female,v2020,2015,2020,25-29,30-34,59521,55238,-4283,-7.2
Bronx,female,v2025,2020,2025,25-29,30-34,57709,52970,-4739,-8.2
Bronx,male,v2020,2010,2015,15-19,20-24,59415,61320,1905,3.2
Bronx,male,v2020,2011,2016,15-19,20-24,58891,59322,431,0.7
Bronx,male,v2020,2012,2017,15-19,20-24,56701,56605,-96,-0.2
Bronx,male,v2020,2013,2018,15-19,20-24,54677,53911,-766,-1.4
Bronx,male,v2020,2014,2019,15-19,20-24,53042,51911,-1131,-2.1
Bronx,male,v2020,2015,2020,15-19,20-24,51516,49908,-1608,-3.1
Bronx,male,v2025,2020,2025,15-19,20-24,53087,50708,-2379,-4.5
Bronx,male,v2020,2010,2015,20-24,25-29,56579,56141,-438,-0.8
Bronx,male,v2020,2011,2016,20-24,25-29,57235,58554,1319,2.3
Bronx,male,v2020,2012,2017,20-24,25-29,59397,60436,1039,1.7
Bronx,male,v2020,2013,2018,20-24,25-29,61469,60832,-637,-1.0
Bronx,male,v2020,2014,2019,20-24,25-29,62023,60323,-1700,-2.7
Bronx,male,v2020,2015,2020,20-24,25-29,61320,58600,-2720,-4.4
Bronx,male,v2025,2020,2025,20-24,25-29,52834,50351,-2483,-4.7
Bronx,male,v2020,2010,2015,25-29,30-34,49720,48613,-1107,-2.2
Bronx,male,v2020,2011,2016,25-29,30-34,49814,49184,-630,-1.3
Bronx,male,v2020,2012,2017,25-29,30-34,50700,50126,-574,-1.1
Bronx,male,v2020,2013,2018,25-29,30-34,51721,50505,-1216,-2.4
Bronx,male,v2020,2014,2019,25-29,30-34,53573,50973,-2600,-4.9
Bronx,male,v2020,2015,2020,25-29,30-34,56141,51961,-4180,-7.4
Bronx,male,v2025,2020,2025,25-29,30-34,53109,48269,-4840,-9.1
Brooklyn,all,v2020,2010,2015,15-19,20-24,170696,186346,15650,9.2
Brooklyn,all,v2020,2011,2016,15-19,20-24,168372,177973,9601,5.7
Brooklyn,all,v2020,2012,2017,15-19,20-24,160614,169952,9338,5.8
Brooklyn,all,v2020,2013,2018,15-19,20-24,155486,163291,7805,5.0
Brooklyn,all,v2020,2014,2019,15-19,20-24,150768,157902,7134,4.7
Brooklyn,all,v2020,2015,2020,15-19,20-24,146808,152645,5837,4.0
Brooklyn,all,v2025,2020,2025,15-19,20-24,155649,162100,6451,4.1
Brooklyn,all,v2020,2010,2015,20-24,25-29,195816,243210,47394,24.2
Brooklyn,all,v2020,2011,2016,20-24,25-29,196266,247687,51421,26.2
Brooklyn,all,v2020,2012,2017,20-24,25-29,198728,250118,51390,25.9
Brooklyn,all,v2020,2013,2018,20-24,25-29,197331,247507,50176,25.4
Brooklyn,all,v2020,2014,2019,20-24,25-29,192280,242938,50658,26.3
Brooklyn,all,v2020,2015,2020,20-24,25-29,186346,236197,49851,26.8
Brooklyn,all,v2025,2020,2025,20-24,25-29,189483,249011,59528,31.4
Brooklyn,all,v2020,2010,2015,25-29,30-34,222858,224883,2025,0.9
Brooklyn,all,v2020,2011,2016,25-29,30-34,223406,226252,2846,1.3
Brooklyn,all,v2020,2012,2017,25-29,30-34,228456,228714,258,0.1
Brooklyn,all,v2020,2013,2018,25-29,30-34,233690,229247,-4443,-1.9
Brooklyn,all,v2020,2014,2019,25-29,30-34,238371,231128,-7243,-3.0
Brooklyn,all,v2020,2015,2020,25-29,30-34,243210,234195,-9015,-3.7
Brooklyn,all,v2025,2020,2025,25-29,30-34,251631,247284,-4347,-1.7
Brooklyn,female,v2020,2010,2015,15-19,20-24,83972,95421,11449,13.6
Brooklyn,female,v2020,2011,2016,15-19,20-24,82840,91490,8650,10.4
Brooklyn,female,v2020,2012,2017,15-19,20-24,79200,87664,8464,10.7
Brooklyn,female,v2020,2013,2018,15-19,20-24,76767,84454,7687,10.0
Brooklyn,female,v2020,2014,2019,15-19,20-24,74568,82120,7552,10.1
Brooklyn,female,v2020,2015,2020,15-19,20-24,72734,79843,7109,9.8
Brooklyn,female,v2025,2020,2025,15-19,20-24,76228,81618,5390,7.1
Brooklyn,female,v2020,2010,2015,20-24,25-29,99141,126180,27039,27.3
Brooklyn,female,v2020,2011,2016,20-24,25-29,99465,128205,28740,28.9
Brooklyn,female,v2020,2012,2017,20-24,25-29,100978,129423,28445,28.2
Brooklyn,female,v2020,2013,2018,20-24,25-29,100239,127927,27688,27.6
Brooklyn,female,v2020,2014,2019,20-24,25-29,97892,125686,27794,28.4
Brooklyn,female,v2020,2015,2020,20-24,25-29,95421,122848,27427,28.7
Brooklyn,female,v2025,2020,2025,20-24,25-29,96783,131679,34896,36.1
Brooklyn,female,v2020,2010,2015,25-29,30-34,116794,116557,-237,-0.2
Brooklyn,female,v2020,2011,2016,25-29,30-34,116978,117101,123,0.1
Brooklyn,female,v2020,2012,2017,25-29,30-34,119316,117980,-1336,-1.1
Brooklyn,female,v2020,2013,2018,25-29,30-34,121752,118017,-3735,-3.1
Brooklyn,female,v2020,2014,2019,25-29,30-34,124201,118491,-5710,-4.6
Brooklyn,female,v2020,2015,2020,25-29,30-34,126180,119699,-6481,-5.1
Brooklyn,female,v2025,2020,2025,25-29,30-34,132156,127498,-4658,-3.5
Brooklyn,male,v2020,2010,2015,15-19,20-24,86724,90925,4201,4.8
Brooklyn,male,v2020,2011,2016,15-19,20-24,85532,86483,951,1.1
Brooklyn,male,v2020,2012,2017,15-19,20-24,81414,82288,874,1.1
Brooklyn,male,v2020,2013,2018,15-19,20-24,78719,78837,118,0.1
Brooklyn,male,v2020,2014,2019,15-19,20-24,76200,75782,-418,-0.5
Brooklyn,male,v2020,2015,2020,15-19,20-24,74074,72802,-1272,-1.7
Brooklyn,male,v2025,2020,2025,15-19,20-24,79421,80482,1061,1.3
Brooklyn,male,v2020,2010,2015,20-24,25-29,96675,117030,20355,21.1
Brooklyn,male,v2020,2011,2016,20-24,25-29,96801,119482,22681,23.4
Brooklyn,male,v2020,2012,2017,20-24,25-29,97750,120695,22945,23.5
Brooklyn,male,v2020,2013,2018,20-24,25-29,97092,119580,22488,23.2
Brooklyn,male,v2020,2014,2019,20-24,25-29,94388,117252,22864,24.2
Brooklyn,male,v2020,2015,2020,20-24,25-29,90925,113349,22424,24.7
Brooklyn,male,v2025,2020,2025,20-24,25-29,92700,117332,24632,26.6
Brooklyn,male,v2020,2010,2015,25-29,30-34,106064,108326,2262,2.1
Brooklyn,male,v2020,2011,2016,25-29,30-34,106428,109151,2723,2.6
Brooklyn,male,v2020,2012,2017,25-29,30-34,109140,110734,1594,1.5
Brooklyn,male,v2020,2013,2018,25-29,30-34,111938,111230,-708,-0.6
Brooklyn,male,v2020,2014,2019,25-29,30-34,114170,112637,-1533,-1.3
Brooklyn,male,v2020,2015,2020,25-29,30-34,117030,114496,-2534,-2.2
Brooklyn,male,v2025,2020,2025,25-29,30-34,119475,119786,311,0.3
Manhattan,all,v2020,2010,2015,15-19,20-24,77540,118664,41124,53.0
Manhattan,all,v2020,2011,2016,15-19,20-24,76879,116275,39396,51.2
Manhattan,all,v2020,2012,2017,15-19,20-24,74588,114770,40182,53.9
Manhattan,all,v2020,2013,2018,15-19,20-24,72972,112936,39964,54.8
Manhattan,all,v2020,2014,2019,15-19,20-24,71265,111153,39888,56.0
Manhattan,all,v2020,2015,2020,15-19,20-24,69980,110445,40465,57.8
Manhattan,all,v2025,2020,2025,15-19,20-24,75102,119419,44317,59.0
Manhattan,all,v2020,2010,2015,20-24,25-29,141616,198526,56910,40.2
Manhattan,all,v2020,2011,2016,20-24,25-29,139295,196554,57259,41.1
Manhattan,all,v2020,2012,2017,20-24,25-29,132515,193908,61393,46.3
Manhattan,all,v2020,2013,2018,20-24,25-29,126408,190690,64282,50.9
Manhattan,all,v2020,2014,2019,20-24,25-29,121408,188613,67205,55.4
Manhattan,all,v2020,2015,2020,20-24,25-29,118664,188137,69473,58.5
Manhattan,all,v2025,2020,2025,20-24,25-29,135907,207554,71647,52.7
Manhattan,all,v2020,2010,2015,25-29,30-34,186773,170683,-16090,-8.6
Manhattan,all,v2020,2011,2016,25-29,30-34,187803,172811,-14992,-8.0
Manhattan,all,v2020,2012,2017,25-29,30-34,194974,174259,-20715,-10.6
Manhattan,all,v2020,2013,2018,25-29,30-34,198839,174191,-24648,-12.4
Manhattan,all,v2020,2014,2019,25-29,30-34,199444,174944,-24500,-12.3
Manhattan,all,v2020,2015,2020,25-29,30-34,198526,174761,-23765,-12.0
Manhattan,all,v2025,2020,2025,25-29,30-34,199643,175416,-24227,-12.1
Manhattan,female,v2020,2010,2015,15-19,20-24,40588,64356,23768,58.6
Manhattan,female,v2020,2011,2016,15-19,20-24,40291,62942,22651,56.2
Manhattan,female,v2020,2012,2017,15-19,20-24,39159,62159,23000,58.7
Manhattan,female,v2020,2013,2018,15-19,20-24,38387,61229,22842,59.5
Manhattan,female,v2020,2014,2019,15-19,20-24,37766,61088,23322,61.8
Manhattan,female,v2020,2015,2020,15-19,20-24,37328,61095,23767,63.7
Manhattan,female,v2025,2020,2025,15-19,20-24,40017,66231,26214,65.5
Manhattan,female,v2020,2010,2015,20-24,25-29,79851,107396,27545,34.5
Manhattan,female,v2020,2011,2016,20-24,25-29,78380,105351,26971,34.4
Manhattan,female,v2020,2012,2017,20-24,25-29,73461,103267,29806,40.6
Manhattan,female,v2020,2013,2018,20-24,25-29,69248,101065,31817,45.9
Manhattan,female,v2020,2014,2019,20-24,25-29,66201,99153,32952,49.8
Manhattan,female,v2020,2015,2020,20-24,25-29,64356,98544,34188,53.1
Manhattan,female,v2025,2020,2025,20-24,25-29,77649,113305,35656,45.9
Manhattan,female,v2020,2010,2015,25-29,30-34,101550,87748,-13802,-13.6
Manhattan,female,v2020,2011,2016,25-29,30-34,102145,88668,-13477,-13.2
Manhattan,female,v2020,2012,2017,25-29,30-34,106235,88982,-17253,-16.2
Manhattan,female,v2020,2013,2018,25-29,30-34,108251,88638,-19613,-18.1
Manhattan,female,v2020,2014,2019,25-29,30-34,108329,89004,-19325,-17.8
Manhattan,female,v2020,2015,2020,25-29,30-34,107396,88485,-18911,-17.6
Manhattan,female,v2025,2020,2025,25-29,30-34,107947,89069,-18878,-17.5
Manhattan,male,v2020,2010,2015,15-19,20-24,36952,54308,17356,47.0
Manhattan,male,v2020,2011,2016,15-19,20-24,36588,53333,16745,45.8
Manhattan,male,v2020,2012,2017,15-19,20-24,35429,52611,17182,48.5
Manhattan,male,v2020,2013,2018,15-19,20-24,34585,51707,17122,49.5
Manhattan,male,v2020,2014,2019,15-19,20-24,33499,50065,16566,49.5
Manhattan,male,v2020,2015,2020,15-19,20-24,32652,49350,16698,51.1
Manhattan,male,v2025,2020,2025,15-19,20-24,35085,53188,18103,51.6
Manhattan,male,v2020,2010,2015,20-24,25-29,61765,91130,29365,47.5
Manhattan,male,v2020,2011,2016,20-24,25-29,60915,91203,30288,49.7
Manhattan,male,v2020,2012,2017,20-24,25-29,59054,90641,31587,53.5
Manhattan,male,v2020,2013,2018,20-24,25-29,57160,89625,32465,56.8
Manhattan,male,v2020,2014,2019,20-24,25-29,55207,89460,34253,62.0
Manhattan,male,v2020,2015,2020,20-24,25-29,54308,89593,35285,65.0
Manhattan,male,v2025,2020,2025,20-24,25-29,58258,94249,35991,61.8
Manhattan,male,v2020,2010,2015,25-29,30-34,85223,82935,-2288,-2.7
Manhattan,male,v2020,2011,2016,25-29,30-34,85658,84143,-1515,-1.8
Manhattan,male,v2020,2012,2017,25-29,30-34,88739,85277,-3462,-3.9
Manhattan,male,v2020,2013,2018,25-29,30-34,90588,85553,-5035,-5.6
Manhattan,male,v2020,2014,2019,25-29,30-34,91115,85940,-5175,-5.7
Manhattan,male,v2020,2015,2020,25-29,30-34,91130,86276,-4854,-5.3
Manhattan,male,v2025,2020,2025,25-29,30-34,91696,86347,-5349,-5.8
NYC,all,v2020,2010,2015,15-19,20-24,535827,614241,78414,14.6
NYC,all,v2020,2011,2016,15-19,20-24,529917,591338,61421,11.6
NYC,all,v2020,2012,2017,15-19,20-24,508631,568521,59890,11.8
NYC,all,v2020,2013,2018,15-19,20-24,493395,548559,55164,11.2
NYC,all,v2020,2014,2019,15-19,20-24,479923,531175,51252,10.7
NYC,all,v2020,2015,2020,15-19,20-24,467933,516482,48549,10.4
NYC,all,v2025,2020,2025,15-19,20-24,498661,554311,55650,11.2
NYC,all,v2020,2010,2015,20-24,25-29,642582,779725,137143,21.3
NYC,all,v2020,2011,2016,20-24,25-29,642183,790274,148091,23.1
NYC,all,v2020,2012,2017,20-24,25-29,644864,795717,150853,23.4
NYC,all,v2020,2013,2018,20-24,25-29,641058,788324,147266,23.0
NYC,all,v2020,2014,2019,20-24,25-29,628579,774777,146198,23.3
NYC,all,v2020,2015,2020,20-24,25-29,614241,757158,142917,23.3
NYC,all,v2025,2020,2025,20-24,25-29,615532,782981,167449,27.2
NYC,all,v2020,2010,2015,25-29,30-34,730183,712560,-17623,-2.4
NYC,all,v2020,2011,2016,25-29,30-34,731785,715614,-16171,-2.2
NYC,all,v2020,2012,2017,25-29,30-34,746279,721319,-24960,-3.3
NYC,all,v2020,2013,2018,25-29,30-34,757122,720737,-36385,-4.8
NYC,all,v2020,2014,2019,25-29,30-34,767285,723023,-44262,-5.8
NYC,all,v2020,2015,2020,25-29,30-34,779725,727830,-51895,-6.7
NYC,all,v2025,2020,2025,25-29,30-34,782628,746158,-36470,-4.7
NYC,female,v2020,2010,2015,15-19,20-24,264019,314498,50479,19.1
NYC,female,v2020,2011,2016,15-19,20-24,261197,303452,42255,16.2
NYC,female,v2020,2012,2017,15-19,20-24,251138,292561,41423,16.5
NYC,female,v2020,2013,2018,15-19,20-24,244379,282919,38540,15.8
NYC,female,v2020,2014,2019,15-19,20-24,238300,275011,36711,15.4
NYC,female,v2020,2015,2020,15-19,20-24,232664,268387,35723,15.4
NYC,female,v2025,2020,2025,15-19,20-24,246631,284059,37428,15.2
NYC,female,v2020,2010,2015,20-24,25-29,329617,404231,74614,22.6
NYC,female,v2020,2011,2016,20-24,25-29,329152,408315,79163,24.1
NYC,female,v2020,2012,2017,20-24,25-29,329839,410310,80471,24.4
NYC,female,v2020,2013,2018,20-24,25-29,326970,405868,78898,24.1
NYC,female,v2020,2014,2019,20-24,25-29,320759,398040,77281,24.1
NYC,female,v2020,2015,2020,20-24,25-29,314498,389405,74907,23.8
NYC,female,v2025,2020,2025,20-24,25-29,317989,410829,92840,29.2
NYC,female,v2020,2010,2015,25-29,30-34,382139,366367,-15772,-4.1
NYC,female,v2020,2011,2016,25-29,30-34,382847,366949,-15898,-4.2
NYC,female,v2020,2012,2017,25-29,30-34,389880,368484,-21396,-5.5
NYC,female,v2020,2013,2018,25-29,30-34,394992,366979,-28013,-7.1
NYC,female,v2020,2014,2019,25-29,30-34,399358,367149,-32209,-8.1
NYC,female,v2020,2015,2020,25-29,30-34,404231,367854,-36377,-9.0
NYC,female,v2025,2020,2025,25-29,30-34,407964,380211,-27753,-6.8
NYC,male,v2020,2010,2015,15-19,20-24,271808,299743,27935,10.3
NYC,male,v2020,2011,2016,15-19,20-24,268720,287886,19166,7.1
NYC,male,v2020,2012,2017,15-19,20-24,257493,275960,18467,7.2
NYC,male,v2020,2013,2018,15-19,20-24,249016,265640,16624,6.7
NYC,male,v2020,2014,2019,15-19,20-24,241623,256164,14541,6.0
NYC,male,v2020,2015,2020,15-19,20-24,235269,248095,12826,5.5
NYC,male,v2025,2020,2025,15-19,20-24,252030,270252,18222,7.2
NYC,male,v2020,2010,2015,20-24,25-29,312965,375494,62529,20.0
NYC,male,v2020,2011,2016,20-24,25-29,313031,381959,68928,22.0
NYC,male,v2020,2012,2017,20-24,25-29,315025,385407,70382,22.3
NYC,male,v2020,2013,2018,20-24,25-29,314088,382456,68368,21.8
NYC,male,v2020,2014,2019,20-24,25-29,307820,376737,68917,22.4
NYC,male,v2020,2015,2020,20-24,25-29,299743,367753,68010,22.7
NYC,male,v2025,2020,2025,20-24,25-29,297543,372152,74609,25.1
NYC,male,v2020,2010,2015,25-29,30-34,348044,346193,-1851,-0.5
NYC,male,v2020,2011,2016,25-29,30-34,348938,348665,-273,-0.1
NYC,male,v2020,2012,2017,25-29,30-34,356399,352835,-3564,-1.0
NYC,male,v2020,2013,2018,25-29,30-34,362130,353758,-8372,-2.3
NYC,male,v2020,2014,2019,25-29,30-34,367927,355874,-12053,-3.3
NYC,male,v2020,2015,2020,25-29,30-34,375494,359976,-15518,-4.1
NYC,male,v2025,2020,2025,25-29,30-34,374664,365947,-8717,-2.3
Queens,all,v2020,2010,2015,15-19,20-24,139081,154759,15678,11.3
Queens,all,v2020,2011,2016,15-19,20-24,137445,147561,10116,7.4
Queens,all,v2020,2012,2017,15-19,20-24,131621,140679,9058,6.9
Queens,all,v2020,2013,2018,15-19,20-24,127531,134887,7356,5.8
Queens,all,v2020,2014,2019,15-19,20-24,124376,129685,5309,4.3
Queens,all,v2020,2015,2020,15-19,20-24,121167,125400,4233,3.5
Queens,all,v2025,2020,2025,15-19,20-24,131560,141328,9768,7.4
Queens,all,v2020,2010,2015,20-24,25-29,160858,190515,29657,18.4
Queens,all,v2020,2011,2016,20-24,25-29,160968,193234,32266,20.0
Queens,all,v2020,2012,2017,20-24,25-29,163049,194385,31336,19.2
Queens,all,v2020,2013,2018,20-24,25-29,162313,191993,29680,18.3
Queens,all,v2020,2014,2019,20-24,25-29,159020,186408,27388,17.2
Queens,all,v2020,2015,2020,20-24,25-29,154759,180321,25562,16.5
Queens,all,v2025,2020,2025,20-24,25-29,153030,187908,34878,22.8
Queens,all,v2020,2010,2015,25-29,30-34,184906,183578,-1328,-0.7
Queens,all,v2020,2011,2016,25-29,30-34,184693,182729,-1964,-1.1
Queens,all,v2020,2012,2017,25-29,30-34,185645,182623,-3022,-1.6
Queens,all,v2020,2013,2018,25-29,30-34,185876,181101,-4775,-2.6
Queens,all,v2020,2014,2019,25-29,30-34,187130,179591,-7539,-4.0
Queens,all,v2020,2015,2020,25-29,30-34,190515,179973,-10542,-5.5
Queens,all,v2025,2020,2025,25-29,30-34,188680,190039,1359,0.7
Queens,female,v2020,2010,2015,15-19,20-24,67249,77565,10316,15.3
Queens,female,v2020,2011,2016,15-19,20-24,66498,74252,7754,11.7
Queens,female,v2020,2012,2017,15-19,20-24,63848,71136,7288,11.4
Queens,female,v2020,2013,2018,15-19,20-24,62273,68484,6211,10.0
Queens,female,v2020,2014,2019,15-19,20-24,60951,65789,4838,7.9
Queens,female,v2020,2015,2020,15-19,20-24,59369,63705,4336,7.3
Queens,female,v2025,2020,2025,15-19,20-24,63543,70746,7203,11.3
Queens,female,v2020,2010,2015,20-24,25-29,78990,95449,16459,20.8
Queens,female,v2020,2011,2016,20-24,25-29,79097,97131,18034,22.8
Queens,female,v2020,2012,2017,20-24,25-29,80745,97833,17088,21.2
Queens,female,v2020,2013,2018,20-24,25-29,80461,96666,16205,20.1
Queens,female,v2020,2014,2019,20-24,25-29,79219,93720,14501,18.3
Queens,female,v2020,2015,2020,20-24,25-29,77565,90860,13295,17.1
Queens,female,v2025,2020,2025,20-24,25-29,75826,95164,19338,25.5
Queens,female,v2020,2010,2015,25-29,30-34,93119,91968,-1151,-1.2
Queens,female,v2020,2011,2016,25-29,30-34,92983,91260,-1723,-1.9
Queens,female,v2020,2012,2017,25-29,30-34,93263,90962,-2301,-2.5
Queens,female,v2020,2013,2018,25-29,30-34,93438,89904,-3534,-3.8
Queens,female,v2020,2014,2019,25-29,30-34,93742,88942,-4800,-5.1
Queens,female,v2020,2015,2020,25-29,30-34,95449,88654,-6795,-7.1
Queens,female,v2025,2020,2025,25-29,30-34,94544,94568,24,0.0
Queens,male,v2020,2010,2015,15-19,20-24,71832,77194,5362,7.5
Queens,male,v2020,2011,2016,15-19,20-24,70947,73309,2362,3.3
Queens,male,v2020,2012,2017,15-19,20-24,67773,69543,1770,2.6
Queens,male,v2020,2013,2018,15-19,20-24,65258,66403,1145,1.8
Queens,male,v2020,2014,2019,15-19,20-24,63425,63896,471,0.7
Queens,male,v2020,2015,2020,15-19,20-24,61798,61695,-103,-0.2
Queens,male,v2025,2020,2025,15-19,20-24,68017,70582,2565,3.8
Queens,male,v2020,2010,2015,20-24,25-29,81868,95066,13198,16.1
Queens,male,v2020,2011,2016,20-24,25-29,81871,96103,14232,17.4
Queens,male,v2020,2012,2017,20-24,25-29,82304,96552,14248,17.3
Queens,male,v2020,2013,2018,20-24,25-29,81852,95327,13475,16.5
Queens,male,v2020,2014,2019,20-24,25-29,79801,92688,12887,16.1
Queens,male,v2020,2015,2020,20-24,25-29,77194,89461,12267,15.9
Queens,male,v2025,2020,2025,20-24,25-29,77204,92744,15540,20.1
Queens,male,v2020,2010,2015,25-29,30-34,91787,91610,-177,-0.2
Queens,male,v2020,2011,2016,25-29,30-34,91710,91469,-241,-0.3
Queens,male,v2020,2012,2017,25-29,30-34,92382,91661,-721,-0.8
Queens,male,v2020,2013,2018,25-29,30-34,92438,91197,-1241,-1.3
Queens,male,v2020,2014,2019,25-29,30-34,93388,90649,-2739,-2.9
Queens,male,v2020,2015,2020,25-29,30-34,95066,91319,-3747,-3.9
Queens,male,v2025,2020,2025,25-29,30-34,94136,95471,1335,1.4
Staten Island,all,v2020,2010,2015,15-19,20-24,32929,31923,-1006,-3.1
Staten Island,all,v2020,2011,2016,15-19,20-24,32649,30714,-1935,-5.9
Staten Island,all,v2020,2012,2017,15-19,20-24,31483,29711,-1772,-5.6
Staten Island,all,v2020,2013,2018,15-19,20-24,30763,29272,-1491,-4.8
Staten Island,all,v2020,2014,2019,15-19,20-24,30157,28667,-1490,-4.9
Staten Island,all,v2020,2015,2020,15-19,20-24,29612,28273,-1339,-4.5
Staten Island,all,v2025,2020,2025,15-19,20-24,32128,30074,-2054,-6.4
Staten Island,all,v2020,2010,2015,20-24,25-29,31458,31812,354,1.1
Staten Island,all,v2020,2011,2016,20-24,25-29,31727,32720,993,3.1
Staten Island,all,v2020,2012,2017,20-24,25-29,32591,33693,1102,3.4
Staten Island,all,v2020,2013,2018,20-24,25-29,32703,33896,1193,3.6
Staten Island,all,v2020,2014,2019,20-24,25-29,32540,33802,1262,3.9
Staten Island,all,v2020,2015,2020,20-24,25-29,31923,33066,1143,3.6
Staten Island,all,v2025,2020,2025,20-24,25-29,31828,33987,2159,6.8
Staten Island,all,v2020,2010,2015,25-29,30-34,29988,29547,-441,-1.5
Staten Island,all,v2020,2011,2016,25-29,30-34,30144,29457,-687,-2.3
Staten Island,all,v2020,2012,2017,25-29,30-34,30505,30037,-468,-1.5
Staten Island,all,v2020,2013,2018,25-29,30-34,30406,30472,66,0.2
Staten Island,all,v2020,2014,2019,25-29,30-34,30903,31078,175,0.6
Staten Island,all,v2020,2015,2020,25-29,30-34,31812,31702,-110,-0.3
Staten Island,all,v2025,2020,2025,25-29,30-34,31856,32180,324,1.0
Staten Island,female,v2020,2010,2015,15-19,20-24,16044,15927,-117,-0.7
Staten Island,female,v2020,2011,2016,15-19,20-24,15887,15275,-612,-3.9
Staten Island,female,v2020,2012,2017,15-19,20-24,15307,14798,-509,-3.3
Staten Island,female,v2020,2013,2018,15-19,20-24,14986,14490,-496,-3.3
Staten Island,female,v2020,2014,2019,15-19,20-24,14700,14157,-543,-3.7
Staten Island,female,v2020,2015,2020,15-19,20-24,14383,13933,-450,-3.1
Staten Island,female,v2025,2020,2025,15-19,20-24,15708,14782,-926,-5.9
Staten Island,female,v2020,2010,2015,20-24,25-29,15380,15685,305,2.0
Staten Island,female,v2020,2011,2016,20-24,25-29,15518,16103,585,3.8
Staten Island,female,v2020,2012,2017,20-24,25-29,16071,16610,539,3.4
Staten Island,female,v2020,2013,2018,20-24,25-29,16188,16804,616,3.8
Staten Island,female,v2020,2014,2019,20-24,25-29,16139,16788,649,4.0
Staten Island,female,v2020,2015,2020,20-24,25-29,15927,16316,389,2.4
Staten Island,female,v2025,2020,2025,20-24,25-29,15281,16511,1230,8.0
Staten Island,female,v2020,2010,2015,25-29,30-34,14738,14838,100,0.7
Staten Island,female,v2020,2011,2016,25-29,30-34,14816,14739,-77,-0.5
Staten Island,female,v2020,2012,2017,25-29,30-34,15067,15000,-67,-0.4
Staten Island,female,v2020,2013,2018,25-29,30-34,14961,15199,238,1.6
Staten Island,female,v2020,2014,2019,25-29,30-34,15222,15403,181,1.2
Staten Island,female,v2020,2015,2020,25-29,30-34,15685,15778,93,0.6
Staten Island,female,v2025,2020,2025,25-29,30-34,15608,16106,498,3.2
Staten Island,male,v2020,2010,2015,15-19,20-24,16885,15996,-889,-5.3
Staten Island,male,v2020,2011,2016,15-19,20-24,16762,15439,-1323,-7.9
Staten Island,male,v2020,2012,2017,15-19,20-24,16176,14913,-1263,-7.8
Staten Island,male,v2020,2013,2018,15-19,20-24,15777,14782,-995,-6.3
Staten Island,male,v2020,2014,2019,15-19,20-24,15457,14510,-947,-6.1
Staten Island,male,v2020,2015,2020,15-19,20-24,15229,14340,-889,-5.8
Staten Island,male,v2025,2020,2025,15-19,20-24,16420,15292,-1128,-6.9
Staten Island,male,v2020,2010,2015,20-24,25-29,16078,16127,49,0.3
Staten Island,male,v2020,2011,2016,20-24,25-29,16209,16617,408,2.5
Staten Island,male,v2020,2012,2017,20-24,25-29,16520,17083,563,3.4
Staten Island,male,v2020,2013,2018,20-24,25-29,16515,17092,577,3.5
Staten Island,male,v2020,2014,2019,20-24,25-29,16401,17014,613,3.7
Staten Island,male,v2020,2015,2020,20-24,25-29,15996,16750,754,4.7
Staten Island,male,v2025,2020,2025,20-24,25-29,16547,17476,929,5.6
Staten Island,male,v2020,2010,2015,25-29,30-34,15250,14709,-541,-3.5
Staten Island,male,v2020,2011,2016,25-29,30-34,15328,14718,-610,-4.0
Staten Island,male,v2020,2012,2017,25-29,30-34,15438,15037,-401,-2.6
Staten Island,male,v2020,2013,2018,25-29,30-34,15445,15273,-172,-1.1
Staten Island,male,v2020,2014,2019,25-29,30-34,15681,15675,-6,-0.0
Staten Island,male,v2020,2015,2020,25-29,30-34,16127,15924,-203,-1.3
Staten Island,male,v2025,2020,2025,25-29,30-34,16248,16074,-174,-1.1
