year,agi_band,agi_stub,age,inflow_returns,inflow_people,outflow_returns,nonmigrant_returns
2012,all,0,26-34,59871,90936,71882,1283860
2013,all,0,26-34,58965,89618,73817,1291295
2014,all,0,26-34,54985,82491,71606,1308206
2015,all,0,26-34,44871,65049,56260,1362970
2016,all,0,26-34,55468,80926,77782,1365154
2017,all,0,26-34,73781,109072,106414,1436695
2018,all,0,26-34,62203,89687,85030,1495470
2019,all,0,26-34,62011,86788,83434,1530729
2020,all,0,26-34,58172,83672,104135,1506604
2021,all,0,26-34,59272,82984,107024,1521809
2022,all,0,26-34,71177,93465,98761,1520800
2023,all,0,26-34,71242,95384,91855,1517588
2012,$1-10k,1,26-34,7641,10737,8645,124354
2013,$1-10k,1,26-34,7259,10094,8117,120402
2014,$1-10k,1,26-34,6395,8866,7734,119900
2015,$1-10k,1,26-34,5383,7419,6617,118813
2016,$1-10k,1,26-34,5439,7405,7300,109958
2017,$1-10k,1,26-34,6426,8779,8718,117243
2018,$1-10k,1,26-34,5442,7378,6828,109901
2019,$1-10k,1,26-34,4966,6531,5931,98981
2020,$1-10k,1,26-34,4903,6517,7006,96452
2021,$1-10k,1,26-34,4669,6134,6769,100641
2022,$1-10k,1,26-34,3675,4981,4853,71216
2023,$1-10k,1,26-34,4289,5635,5791,93000
2012,$10-25k,2,26-34,14636,23724,17683,323991
2013,$10-25k,2,26-34,14223,23133,17617,323654
2014,$10-25k,2,26-34,12681,20168,16700,319173
2015,$10-25k,2,26-34,10682,17030,14137,321702
2016,$10-25k,2,26-34,11413,17806,17094,314973
2017,$10-25k,2,26-34,14110,21886,21198,333502
2018,$10-25k,2,26-34,12298,19159,16950,328754
2019,$10-25k,2,26-34,11686,17963,16062,313046
2020,$10-25k,2,26-34,10461,16588,16224,281612
2021,$10-25k,2,26-34,9250,13396,15731,275313
2022,$10-25k,2,26-34,9316,12882,14339,258566
2023,$10-25k,2,26-34,9437,14945,13658,235632
2012,$25-50k,3,26-34,18449,26536,20070,396175
2013,$25-50k,3,26-34,17166,25111,20103,398144
2014,$25-50k,3,26-34,15890,22986,18984,404042
2015,$25-50k,3,26-34,12545,17524,15234,417909
2016,$25-50k,3,26-34,15148,21189,21161,419162
2017,$25-50k,3,26-34,20462,29418,27984,446196
2018,$25-50k,3,26-34,16755,23522,22294,461738
2019,$25-50k,3,26-34,16347,22327,21997,477538
2020,$25-50k,3,26-34,14956,21181,24107,473321
2021,$25-50k,3,26-34,14723,20748,26173,493422
2022,$25-50k,3,26-34,16052,21161,26402,480320
2023,$25-50k,3,26-34,15118,20228,21122,407264
2012,$50-75k,4,26-34,8738,12785,10723,202609
2013,$50-75k,4,26-34,9304,13440,11560,204341
2014,$50-75k,4,26-34,9146,12857,11421,209577
2015,$50-75k,4,26-34,7113,9367,8145,224476
2016,$50-75k,4,26-34,9694,13333,12476,230832
2017,$50-75k,4,26-34,13590,19031,18525,241785
2018,$50-75k,4,26-34,11586,15491,14935,262204
2019,$50-75k,4,26-34,11335,14742,14679,278572
2020,$50-75k,4,26-34,10836,14619,18643,285590
2021,$50-75k,4,26-34,10582,13942,18788,283331
2022,$50-75k,4,26-34,12638,15877,17807,291606
2023,$50-75k,4,26-34,12009,15035,15712,298466
2012,$75-100k,5,26-34,4406,6805,5470,100866
2013,$75-100k,5,26-34,4599,7018,5941,103594
2014,$75-100k,5,26-34,4522,6897,5990,107195
2015,$75-100k,5,26-34,3635,5064,4274,114797
2016,$75-100k,5,26-34,5387,7686,6773,116085
2017,$75-100k,5,26-34,7469,10848,10528,119806
2018,$75-100k,5,26-34,6257,8769,8606,131966
2019,$75-100k,5,26-34,6480,8586,8661,142201
2020,$75-100k,5,26-34,6094,8359,12183,144286
2021,$75-100k,5,26-34,6712,9197,12432,143446
2022,$75-100k,5,26-34,8663,10913,11570,156530
2023,$75-100k,5,26-34,8713,10981,10944,170345
2012,$100-200k,6,26-34,4665,7872,6532,104012
2013,$100-200k,6,26-34,4961,8187,7512,108504
2014,$100-200k,6,26-34,4853,7962,7685,113740
2015,$100-200k,6,26-34,4232,6415,5562,125930
2016,$100-200k,6,26-34,6350,9856,9121,132847
2017,$100-200k,6,26-34,9076,14337,13861,135471
2018,$100-200k,6,26-34,7548,11373,11023,151517
2019,$100-200k,6,26-34,8346,11890,11338,165532
2020,$100-200k,6,26-34,8120,11735,17553,170971
2021,$100-200k,6,26-34,9393,13285,18126,170418
2022,$100-200k,6,26-34,13598,17529,16210,191368
2023,$100-200k,6,26-34,14709,18664,16625,225088
2012,$200k+,7,26-34,1336,2477,2759,31853
2013,$200k+,7,26-34,1453,2635,2967,32656
2014,$200k+,7,26-34,1498,2755,3092,34579
2015,$200k+,7,26-34,1281,2230,2291,39343
2016,$200k+,7,26-34,2037,3651,3857,41297
2017,$200k+,7,26-34,2648,4773,5600,42692
2018,$200k+,7,26-34,2317,3995,4394,49390
2019,$200k+,7,26-34,2851,4749,4766,54859
2020,$200k+,7,26-34,2802,4673,8419,54372
2021,$200k+,7,26-34,3943,6282,9005,55238
2022,$200k+,7,26-34,7235,10122,7580,71194
2023,$200k+,7,26-34,6967,9896,8003,87793
2012,all,0,35-44,27550,57405,38443,1313024
2013,all,0,35-44,25366,55752,38709,1293631
2014,all,0,35-44,22271,49738,36020,1274320
2015,all,0,35-44,16869,36462,27383,1275305
2016,all,0,35-44,20543,45025,38596,1250549
2017,all,0,35-44,27234,60813,53137,1296730
2018,all,0,35-44,22587,49376,40772,1329374
2019,all,0,35-44,21987,46941,39752,1357434
2020,all,0,35-44,21152,46893,49970,1344322
2021,all,0,35-44,22871,47860,54652,1372305
2022,all,0,35-44,24600,49566,53821,1393550
2023,all,0,35-44,25611,50608,48687,1412298
2012,$1-10k,1,35-44,3012,4977,3858,87026
2013,$1-10k,1,35-44,2785,4693,3579,81728
2014,$1-10k,1,35-44,2383,4008,3259,78467
2015,$1-10k,1,35-44,2137,3615,2761,75243
2016,$1-10k,1,35-44,1948,3249,3032,67630
2017,$1-10k,1,35-44,2308,3849,3600,74453
2018,$1-10k,1,35-44,1928,3252,2792,69692
2019,$1-10k,1,35-44,1804,2862,2402,63463
2020,$1-10k,1,35-44,1911,3101,2847,62664
2021,$1-10k,1,35-44,1964,3062,2884,71716
2022,$1-10k,1,35-44,1455,2370,2156,50231
2023,$1-10k,1,35-44,1892,2897,3064,70407
2012,$10-25k,2,35-44,6143,13403,8330,254686
2013,$10-25k,2,35-44,5895,13001,8406,249220
2014,$10-25k,2,35-44,4908,11021,7444,239418
2015,$10-25k,2,35-44,4039,9173,6131,233095
2016,$10-25k,2,35-44,4100,8966,7277,224268
2017,$10-25k,2,35-44,4905,10772,9456,241778
2018,$10-25k,2,35-44,4442,9840,7526,236988
2019,$10-25k,2,35-44,4164,9099,7021,225359
2020,$10-25k,2,35-44,3907,8688,7197,205453
2021,$10-25k,2,35-44,3596,6891,6893,197670
2022,$10-25k,2,35-44,3574,6774,7014,190350
2023,$10-25k,2,35-44,4071,8344,7318,192798
2012,$25-50k,3,35-44,7948,13921,9525,323050
2013,$25-50k,3,35-44,5763,11987,8203,314971
2014,$25-50k,3,35-44,4580,9679,7461,307177
2015,$25-50k,3,35-44,3446,7259,5763,302978
2016,$25-50k,3,35-44,4050,8351,7616,294446
2017,$25-50k,3,35-44,5650,11933,10545,312576
2018,$25-50k,3,35-44,4876,10338,8369,321061
2019,$25-50k,3,35-44,4543,9177,8294,333212
2020,$25-50k,3,35-44,4418,9506,9350,335536
2021,$25-50k,3,35-44,4566,9091,11131,359419
2022,$25-50k,3,35-44,4730,9037,11807,357590
2023,$25-50k,3,35-44,4617,8906,9455,304333
2012,$50-75k,4,35-44,3270,7176,4781,209796
2013,$50-75k,4,35-44,3309,7021,5068,204623
2014,$50-75k,4,35-44,3042,6560,4905,201704
2015,$50-75k,4,35-44,2098,4318,3418,201196
2016,$50-75k,4,35-44,2813,5973,5326,197290
2017,$50-75k,4,35-44,3849,8450,7583,200635
2018,$50-75k,4,35-44,3214,6722,5861,205674
2019,$50-75k,4,35-44,3074,6447,5812,214387
2020,$50-75k,4,35-44,2958,6506,6981,218931
2021,$50-75k,4,35-44,3255,6624,7829,222929
2022,$50-75k,4,35-44,3551,6778,8193,232035
2023,$50-75k,4,35-44,3475,6478,6884,233064
2012,$75-100k,5,35-44,2144,4939,3398,143433
2013,$75-100k,5,35-44,2205,5087,3517,140757
2014,$75-100k,5,35-44,2027,4603,3374,139116
2015,$75-100k,5,35-44,1400,2971,2283,139989
2016,$75-100k,5,35-44,1954,4423,3734,135331
2017,$75-100k,5,35-44,2766,6339,5413,135630
2018,$75-100k,5,35-44,2207,4918,4249,139694
2019,$75-100k,5,35-44,2207,4741,3913,143535
2020,$75-100k,5,35-44,1990,4527,5253,143570
2021,$75-100k,5,35-44,2294,4930,5681,143958
2022,$75-100k,5,35-44,2406,4816,5817,149938
2023,$75-100k,5,35-44,2530,4768,4971,156772
2012,$100-200k,6,35-44,3200,7891,5230,209408
2013,$100-200k,6,35-44,3431,8338,5870,213083
2014,$100-200k,6,35-44,3276,8126,5705,215254
2015,$100-200k,6,35-44,2247,5218,4045,221665
2016,$100-200k,6,35-44,3359,7754,6729,226028
2017,$100-200k,6,35-44,4865,11607,9853,224053
2018,$100-200k,6,35-44,3677,8462,7158,238443
2019,$100-200k,6,35-44,3700,8299,7381,248967
2020,$100-200k,6,35-44,3600,8369,9947,249609
2021,$100-200k,6,35-44,4180,9532,10876,248426
2022,$100-200k,6,35-44,4779,10160,10823,265340
2023,$100-200k,6,35-44,4938,9942,9560,285094
2012,$200k+,7,35-44,1833,5098,3321,85625
2013,$200k+,7,35-44,1978,5625,4066,89249
2014,$200k+,7,35-44,2055,5741,3872,93184
2015,$200k+,7,35-44,1502,3908,2982,101139
2016,$200k+,7,35-44,2319,6309,4882,105556
2017,$200k+,7,35-44,2891,7863,6687,107605
2018,$200k+,7,35-44,2243,5844,4817,117822
2019,$200k+,7,35-44,2495,6316,4929,128511
2020,$200k+,7,35-44,2368,6196,8395,128559
2021,$200k+,7,35-44,3016,7730,9358,128187
2022,$200k+,7,35-44,4105,9631,8011,148066
2023,$200k+,7,35-44,4088,9273,7435,169830
2012,all,0,45-54,18111,34070,24181,1504279
2013,all,0,45-54,16318,33176,23313,1482709
2014,all,0,45-54,13972,29009,21995,1456975
2015,all,0,45-54,10693,21441,16563,1441947
2016,all,0,45-54,12262,25213,22380,1419550
2017,all,0,45-54,15853,32899,30291,1422672
2018,all,0,45-54,12937,26476,23505,1403683
2019,all,0,45-54,12388,25243,22150,1375238
2020,all,0,45-54,11563,23623,25666,1311197
2021,all,0,45-54,11773,23851,28255,1290604
2022,all,0,45-54,12231,24318,29136,1280516
2023,all,0,45-54,12775,24720,25368,1268665
2012,$1-10k,1,45-54,2453,3753,2849,101639
2013,$1-10k,1,45-54,2368,3511,2623,96656
2014,$1-10k,1,45-54,1932,2946,2484,93675
2015,$1-10k,1,45-54,1709,2535,1997,88880
2016,$1-10k,1,45-54,1539,2305,2188,80359
2017,$1-10k,1,45-54,1669,2487,2535,83819
2018,$1-10k,1,45-54,1431,2090,1901,75826
2019,$1-10k,1,45-54,1204,1767,1574,67349
2020,$1-10k,1,45-54,1328,1913,1849,62445
2021,$1-10k,1,45-54,1289,1822,1916,66131
2022,$1-10k,1,45-54,884,1274,1326,44317
2023,$1-10k,1,45-54,1177,1638,1789,63452
2012,$10-25k,2,45-54,4048,7683,5188,253696
2013,$10-25k,2,45-54,3891,7618,5244,247801
2014,$10-25k,2,45-54,3268,6565,4808,237722
2015,$10-25k,2,45-54,2694,5381,3789,229280
2016,$10-25k,2,45-54,2640,4916,4483,222274
2017,$10-25k,2,45-54,3172,6146,5708,229697
2018,$10-25k,2,45-54,2730,5244,4402,218292
2019,$10-25k,2,45-54,2579,4927,4074,197336
2020,$10-25k,2,45-54,2318,4358,3993,173269
2021,$10-25k,2,45-54,2056,3574,3911,167001
2022,$10-25k,2,45-54,2060,3361,3931,155373
2023,$10-25k,2,45-54,2199,3860,3910,148881
2012,$25-50k,3,45-54,5524,8292,6708,356824
2013,$25-50k,3,45-54,3500,6388,5172,347137
2014,$25-50k,3,45-54,2743,5129,4555,335504
2015,$25-50k,3,45-54,2035,3843,3394,324776
2016,$25-50k,3,45-54,2295,4364,4406,313798
2017,$25-50k,3,45-54,3176,5848,6090,316362
2018,$25-50k,3,45-54,2586,4861,4775,311850
2019,$25-50k,3,45-54,2595,4911,4619,313190
2020,$25-50k,3,45-54,2337,4439,5030,303353
2021,$25-50k,3,45-54,2435,4513,5818,308737
2022,$25-50k,3,45-54,2561,4634,6680,302812
2023,$25-50k,3,45-54,2563,4623,5332,257193
2012,$50-75k,4,45-54,1745,3484,2801,249498
2013,$50-75k,4,45-54,1916,3765,2859,241749
2014,$50-75k,4,45-54,1638,3242,2854,235621
2015,$50-75k,4,45-54,1141,2221,2032,231456
2016,$50-75k,4,45-54,1461,2868,2840,225771
2017,$50-75k,4,45-54,2091,4012,4045,221591
2018,$50-75k,4,45-54,1666,3225,3208,217224
2019,$50-75k,4,45-54,1449,2690,2999,213160
2020,$50-75k,4,45-54,1433,2774,3414,206416
2021,$50-75k,4,45-54,1482,2800,3762,202317
2022,$50-75k,4,45-54,1638,2992,4189,205031
2023,$50-75k,4,45-54,1704,3008,3491,199958
2012,$75-100k,5,45-54,1139,2491,1866,174496
2013,$75-100k,5,45-54,1163,2566,1892,170899
2014,$75-100k,5,45-54,1100,2391,1928,167994
2015,$75-100k,5,45-54,744,1534,1359,165936
2016,$75-100k,5,45-54,979,2030,2059,161635
2017,$75-100k,5,45-54,1356,2797,2883,158070
2018,$75-100k,5,45-54,1048,2188,2249,154464
2019,$75-100k,5,45-54,1067,2183,2087,150584
2020,$75-100k,5,45-54,937,1926,2411,144193
2021,$75-100k,5,45-54,966,1940,2685,138736
2022,$75-100k,5,45-54,1067,2099,3016,139179
2023,$75-100k,5,45-54,1140,2182,2417,140654
2012,$100-200k,6,45-54,1808,4375,2909,264382
2013,$100-200k,6,45-54,1852,4677,3190,269141
2014,$100-200k,6,45-54,1820,4461,3162,271342
2015,$100-200k,6,45-54,1239,2853,2209,277873
2016,$100-200k,6,45-54,1762,4188,3576,283863
2017,$100-200k,6,45-54,2399,5876,5360,278345
2018,$100-200k,6,45-54,1964,4659,3992,282364
2019,$100-200k,6,45-54,1926,4524,3987,283124
2020,$100-200k,6,45-54,1739,4068,4783,272472
2021,$100-200k,6,45-54,1961,4618,5508,261729
2022,$100-200k,6,45-54,2085,4699,5623,269482
2023,$100-200k,6,45-54,2129,4597,4630,278922
2012,$200k+,7,45-54,1394,3992,1860,103744
2013,$200k+,7,45-54,1628,4651,2333,109326
2014,$200k+,7,45-54,1471,4275,2204,115117
2015,$200k+,7,45-54,1131,3074,1783,123746
2016,$200k+,7,45-54,1586,4542,2828,131850
2017,$200k+,7,45-54,1990,5733,3670,134788
2018,$200k+,7,45-54,1512,4209,2978,143663
2019,$200k+,7,45-54,1568,4241,2810,150495
2020,$200k+,7,45-54,1471,4145,4186,149049
2021,$200k+,7,45-54,1584,4584,4655,145953
2022,$200k+,7,45-54,1936,5259,4371,164322
2023,$200k+,7,45-54,1863,4812,3799,179605
2012,all,0,55-64,10948,17493,18359,1237692
2013,all,0,55-64,11483,18693,18419,1250194
2014,all,0,55-64,9365,15772,17180,1266197
2015,all,0,55-64,6996,11691,13119,1288268
2016,all,0,55-64,8277,13565,18661,1305249
2017,all,0,55-64,11656,19105,26108,1325741
2018,all,0,55-64,9681,15956,20296,1348300
2019,all,0,55-64,9577,15767,20336,1368503
2020,all,0,55-64,9270,15420,22952,1332354
2021,all,0,55-64,10222,16906,26249,1333748
2022,all,0,55-64,10548,16913,27321,1351941
2023,all,0,55-64,10677,16822,23312,1335795
2012,$1-10k,1,55-64,1627,2152,2025,93951
2013,$1-10k,1,55-64,1705,2288,1898,94117
2014,$1-10k,1,55-64,1465,2010,1853,94506
2015,$1-10k,1,55-64,1190,1621,1571,93160
2016,$1-10k,1,55-64,1204,1557,1764,90860
2017,$1-10k,1,55-64,1438,1882,2251,94351
2018,$1-10k,1,55-64,1186,1495,1749,90837
2019,$1-10k,1,55-64,1083,1381,1598,85905
2020,$1-10k,1,55-64,1159,1462,1812,81564
2021,$1-10k,1,55-64,1134,1429,1860,83991
2022,$1-10k,1,55-64,940,1184,1474,60860
2023,$1-10k,1,55-64,1166,1475,1827,85206
2012,$10-25k,2,55-64,2361,3720,3414,187006
2013,$10-25k,2,55-64,2903,4107,3350,186479
2014,$10-25k,2,55-64,1921,2943,2982,184504
2015,$10-25k,2,55-64,1553,2530,2425,184171
2016,$10-25k,2,55-64,1732,2633,3085,186057
2017,$10-25k,2,55-64,2244,3303,3964,193990
2018,$10-25k,2,55-64,1980,2945,3198,192508
2019,$10-25k,2,55-64,1862,2776,3029,184824
2020,$10-25k,2,55-64,1697,2598,3089,169436
2021,$10-25k,2,55-64,1637,2374,3271,172691
2022,$10-25k,2,55-64,1789,2438,3398,168415
2023,$10-25k,2,55-64,1866,2666,3089,154214
2012,$25-50k,3,55-64,2951,4082,4428,288449
2013,$25-50k,3,55-64,2292,3467,3853,286703
2014,$25-50k,3,55-64,1834,2865,3413,285231
2015,$25-50k,3,55-64,1238,1890,2408,282531
2016,$25-50k,3,55-64,1500,2201,3521,280336
2017,$25-50k,3,55-64,2275,3332,4788,285670
2018,$25-50k,3,55-64,1849,2800,3611,288419
2019,$25-50k,3,55-64,1860,2840,3687,296818
2020,$25-50k,3,55-64,1789,2712,4045,290870
2021,$25-50k,3,55-64,1980,2958,4655,301253
2022,$25-50k,3,55-64,2135,3068,5204,303940
2023,$25-50k,3,55-64,2122,3085,4119,262245
2012,$50-75k,4,55-64,1188,1862,2619,217319
2013,$50-75k,4,55-64,1315,2195,2659,217300
2014,$50-75k,4,55-64,1147,1887,2489,218265
2015,$50-75k,4,55-64,793,1264,1759,220216
2016,$50-75k,4,55-64,988,1548,2621,220202
2017,$50-75k,4,55-64,1493,2384,3881,221428
2018,$50-75k,4,55-64,1191,1902,2752,221752
2019,$50-75k,4,55-64,1232,1911,2940,224161
2020,$50-75k,4,55-64,1184,1916,3117,219913
2021,$50-75k,4,55-64,1350,2091,3627,220228
2022,$50-75k,4,55-64,1335,1973,3753,222503
2023,$50-75k,4,55-64,1362,2003,3176,218302
2012,$75-100k,5,55-64,766,1362,1789,154031
2013,$75-100k,5,55-64,872,1556,1862,155020
2014,$75-100k,5,55-64,758,1317,1818,156916
2015,$75-100k,5,55-64,521,928,1330,159369
2016,$75-100k,5,55-64,669,1148,1975,160821
2017,$75-100k,5,55-64,1005,1698,2907,159774
2018,$75-100k,5,55-64,816,1405,2150,160889
2019,$75-100k,5,55-64,852,1456,2105,162497
2020,$75-100k,5,55-64,760,1302,2377,158919
2021,$75-100k,5,55-64,948,1575,2774,156315
2022,$75-100k,5,55-64,943,1537,3001,157019
2023,$75-100k,5,55-64,940,1493,2343,158490
2012,$100-200k,6,55-64,1194,2391,2714,217238
2013,$100-200k,6,55-64,1337,2652,3116,224291
2014,$100-200k,6,55-64,1274,2539,2923,234451
2015,$100-200k,6,55-64,889,1688,2096,247026
2016,$100-200k,6,55-64,1110,2101,3431,257392
2017,$100-200k,6,55-64,1754,3348,5208,257766
2018,$100-200k,6,55-64,1457,2722,4126,270544
2019,$100-200k,6,55-64,1439,2702,4174,280975
2020,$100-200k,6,55-64,1456,2727,4837,277574
2021,$100-200k,6,55-64,1731,3277,5722,269617
2022,$100-200k,6,55-64,1847,3404,5915,286102
2023,$100-200k,6,55-64,1735,3040,4855,295531
2012,$200k+,7,55-64,861,1924,1370,79698
2013,$200k+,7,55-64,1059,2428,1681,86284
2014,$200k+,7,55-64,966,2211,1702,92324
2015,$200k+,7,55-64,812,1770,1530,101795
2016,$200k+,7,55-64,1074,2377,2264,109581
2017,$200k+,7,55-64,1447,3158,3109,112762
2018,$200k+,7,55-64,1202,2687,2710,123351
2019,$200k+,7,55-64,1249,2701,2803,133323
2020,$200k+,7,55-64,1225,2703,3675,134078
2021,$200k+,7,55-64,1442,3202,4340,129653
2022,$200k+,7,55-64,1559,3309,4576,153102
2023,$200k+,7,55-64,1486,3060,3903,161807
2012,all,0,65+,12726,17195,21309,1186714
2013,all,0,65+,13667,19040,21735,1231951
2014,all,0,65+,11387,15862,20284,1271202
2015,all,0,65+,8256,11222,15600,1315769
2016,all,0,65+,9559,12972,22225,1348402
2017,all,0,65+,14826,20433,31627,1371489
2018,all,0,65+,12990,17971,24744,1421456
2019,all,0,65+,12811,17757,25074,1462637
2020,all,0,65+,14774,21335,32551,1532612
2021,all,0,65+,14323,20365,29983,1462892
2022,all,0,65+,14560,20157,31688,1555281
2023,all,0,65+,14739,20211,28224,1614169
2012,$1-10k,1,65+,2128,2569,2873,165293
2013,$1-10k,1,65+,2265,2717,2820,164790
2014,$1-10k,1,65+,1843,2221,2689,164866
2015,$1-10k,1,65+,1271,1539,1845,161711
2016,$1-10k,1,65+,1489,1810,2692,163175
2017,$1-10k,1,65+,2167,2643,3523,165044
2018,$1-10k,1,65+,1765,2150,2629,162415
2019,$1-10k,1,65+,1582,1937,2495,158886
2020,$1-10k,1,65+,1833,2259,3287,162114
2021,$1-10k,1,65+,1839,2267,3116,170785
2022,$1-10k,1,65+,1644,2006,2757,161098
2023,$1-10k,1,65+,1956,2377,3003,186621
2012,$10-25k,2,65+,3272,4141,5043,280313
2013,$10-25k,2,65+,3253,4204,4748,276698
2014,$10-25k,2,65+,2559,3312,4036,271453
2015,$10-25k,2,65+,1754,2217,2866,267393
2016,$10-25k,2,65+,2088,2621,3961,266437
2017,$10-25k,2,65+,3261,4135,5762,267730
2018,$10-25k,2,65+,2555,3231,4095,263824
2019,$10-25k,2,65+,2547,3209,4012,255202
2020,$10-25k,2,65+,2591,3333,4711,252259
2021,$10-25k,2,65+,2622,3328,4374,247358
2022,$10-25k,2,65+,2554,3202,4459,243733
2023,$10-25k,2,65+,2414,3020,3962,239945
2012,$25-50k,3,65+,2846,3728,4589,245739
2013,$25-50k,3,65+,2649,3590,4163,250012
2014,$25-50k,3,65+,2264,3109,3665,252574
2015,$25-50k,3,65+,1493,1934,2688,254523
2016,$25-50k,3,65+,1771,2356,3853,258226
2017,$25-50k,3,65+,2865,3803,5626,260327
2018,$25-50k,3,65+,2367,3180,4149,264589
2019,$25-50k,3,65+,2263,2984,4103,269518
2020,$25-50k,3,65+,2658,3650,5067,280500
2021,$25-50k,3,65+,2502,3392,4882,275134
2022,$25-50k,3,65+,2422,3162,4988,276436
2023,$25-50k,3,65+,2380,3067,4331,274233
2012,$50-75k,4,65+,1660,2260,3097,175195
2013,$50-75k,4,65+,1838,2526,3008,182985
2014,$50-75k,4,65+,1567,2158,2880,189963
2015,$50-75k,4,65+,1174,1566,2179,196359
2016,$50-75k,4,65+,1332,1743,3188,201377
2017,$50-75k,4,65+,2120,2851,4576,206393
2018,$50-75k,4,65+,1939,2580,3608,212688
2019,$50-75k,4,65+,1850,2463,3588,218819
2020,$50-75k,4,65+,2101,2902,4389,229274
2021,$50-75k,4,65+,2120,2926,4136,221488
2022,$50-75k,4,65+,1958,2574,4299,227044
2023,$50-75k,4,65+,1979,2581,3637,232673
2012,$75-100k,5,65+,995,1492,1886,118850
2013,$75-100k,5,65+,1202,1851,2243,128419
2014,$75-100k,5,65+,1023,1534,2036,136843
2015,$75-100k,5,65+,751,1082,1633,145315
2016,$75-100k,5,65+,860,1218,2378,150993
2017,$75-100k,5,65+,1370,2026,3517,154393
2018,$75-100k,5,65+,1292,1868,2799,163074
2019,$75-100k,5,65+,1272,1849,2832,169827
2020,$75-100k,5,65+,1476,2168,3694,180431
2021,$75-100k,5,65+,1524,2221,3387,171470
2022,$75-100k,5,65+,1527,2149,3528,180716
2023,$75-100k,5,65+,1595,2190,3078,190208
2012,$100-200k,6,65+,1220,1982,2623,146184
2013,$100-200k,6,65+,1588,2658,3166,164601
2014,$100-200k,6,65+,1404,2298,3332,184213
2015,$100-200k,6,65+,1158,1803,2729,206448
2016,$100-200k,6,65+,1290,2033,3958,219346
2017,$100-200k,6,65+,2066,3318,5855,226608
2018,$100-200k,6,65+,1988,3151,4864,249153
2019,$100-200k,6,65+,2069,3270,5143,270343
2020,$100-200k,6,65+,2639,4303,6966,296576
2021,$100-200k,6,65+,2433,3988,6403,268640
2022,$100-200k,6,65+,2723,4251,6815,312720
2023,$100-200k,6,65+,2723,4184,6161,334581
2012,$200k+,7,65+,605,1023,1198,55140
2013,$200k+,7,65+,872,1494,1587,64446
2014,$200k+,7,65+,727,1230,1646,71290
2015,$200k+,7,65+,655,1081,1660,84020
2016,$200k+,7,65+,729,1191,2195,88848
2017,$200k+,7,65+,977,1657,2768,90994
2018,$200k+,7,65+,1084,1811,2600,105713
2019,$200k+,7,65+,1228,2045,2901,120042
2020,$200k+,7,65+,1476,2720,4437,131458
2021,$200k+,7,65+,1283,2243,3685,108017
2022,$200k+,7,65+,1732,2813,4842,153534
2023,$200k+,7,65+,1692,2792,4052,155908
2012,all,0,all,169723,270505,214216,7200237
2013,all,0,all,164486,267635,216311,7233591
2014,all,0,all,147939,240114,207534,7289545
2015,all,0,all,121938,191268,165306,7441015
2016,all,0,all,144349,227044,223604,7471510
2017,all,0,all,181092,287324,290076,7421285
2018,all,0,all,155298,240424,231384,7576963
2019,all,0,all,153794,233144,227013,7675447
2020,all,0,all,147324,228844,276550,7594559
2021,all,0,all,148425,226468,288671,7562622
2022,all,0,all,175987,251460,283785,7767319
2023,all,0,all,194523,272921,269005,7906862
2012,$1-10k,1,all,25419,35207,29023,718017
2013,$1-10k,1,all,24267,33369,27125,698035
2014,$1-10k,1,all,21023,28910,26314,695750
2015,$1-10k,1,all,18271,25276,22131,680086
2016,$1-10k,1,all,18051,24470,24710,645992
2017,$1-10k,1,all,19365,26106,27102,620371
2018,$1-10k,1,all,16401,21946,21036,586431
2019,$1-10k,1,all,14844,19447,18454,541812
2020,$1-10k,1,all,15333,20186,21740,529881
2021,$1-10k,1,all,15106,19558,21937,565520
2022,$1-10k,1,all,12711,16507,17144,455991
2023,$1-10k,1,all,16909,21228,21916,596688
2012,$10-25k,2,all,45349,73714,55461,1599169
2013,$10-25k,2,all,44726,72522,55830,1586972
2014,$10-25k,2,all,38301,62143,52207,1561017
2015,$10-25k,2,all,32960,53752,44182,1556262
2016,$10-25k,2,all,34653,54233,52439,1537909
2017,$10-25k,2,all,39639,61031,61836,1497958
2018,$10-25k,2,all,34687,53535,49379,1466237
2019,$10-25k,2,all,33095,50411,46717,1388220
2020,$10-25k,2,all,29806,46445,47607,1272756
2021,$10-25k,2,all,27040,38919,46437,1251754
2022,$10-25k,2,all,29247,39864,46091,1243803
2023,$10-25k,2,all,34017,49063,46981,1209443
2012,$25-50k,3,all,50208,72272,56400,1784896
2013,$25-50k,3,all,42456,65011,52178,1776838
2014,$25-50k,3,all,37598,57068,48358,1775903
2015,$25-50k,3,all,30321,44706,38725,1793640
2016,$25-50k,3,all,35938,52571,52950,1794168
2017,$25-50k,3,all,46527,68846,68033,1799789
2018,$25-50k,3,all,39644,57858,54770,1838130
2019,$25-50k,3,all,38621,55064,54433,1895536
2020,$25-50k,3,all,36442,53683,60290,1893726
2021,$25-50k,3,all,34882,51062,65999,1955823
2022,$25-50k,3,all,39865,54434,70214,1973771
2023,$25-50k,3,all,44154,58878,61492,1774417
2012,$50-75k,4,all,19594,31136,26629,1090809
2013,$50-75k,4,all,20978,32858,28080,1090933
2014,$50-75k,4,all,20097,30858,27727,1099572
2015,$50-75k,4,all,15849,22866,20310,1126265
2016,$50-75k,4,all,20871,30842,30315,1135752
2017,$50-75k,4,all,28175,42293,42898,1139578
2018,$50-75k,4,all,24559,35333,34439,1174552
2019,$50-75k,4,all,24298,34130,34253,1210544
2020,$50-75k,4,all,23493,34170,42510,1225542
2021,$50-75k,4,all,23405,33441,44054,1214427
2022,$50-75k,4,all,28518,38124,43936,1250718
2023,$50-75k,4,all,30811,40021,39719,1273988
2012,$75-100k,5,all,10319,18179,15237,701518
2013,$75-100k,5,all,11053,19354,16453,709747
2014,$75-100k,5,all,10631,18207,16291,720589
2015,$75-100k,5,all,8285,13053,11861,740794
2016,$75-100k,5,all,11559,18533,18412,742661
2017,$75-100k,5,all,15847,25796,26791,741428
2018,$75-100k,5,all,13485,21161,21587,766556
2019,$75-100k,5,all,14096,21215,21244,787614
2020,$75-100k,5,all,13323,20521,28436,791336
2021,$75-100k,5,all,14654,22232,29655,773259
2022,$75-100k,5,all,18671,25769,29257,807236
2023,$75-100k,5,all,19930,26858,26787,848124
2012,$100-200k,6,all,12678,25277,20794,948147
2013,$100-200k,6,all,13859,27443,23753,987263
2014,$100-200k,6,all,13400,26409,23839,1027947
2015,$100-200k,6,all,10639,19132,17551,1090510
2016,$100-200k,6,all,15224,27796,28272,1133616
2017,$100-200k,6,all,21399,39849,41388,1131562
2018,$100-200k,6,all,17958,31807,32417,1203028
2019,$100-200k,6,all,19169,32498,33412,1261987
2020,$100-200k,6,all,19277,33055,46405,1281162
2021,$100-200k,6,all,21648,36774,49104,1232524
2022,$100-200k,6,all,29146,44327,47274,1341746
2023,$100-200k,6,all,31469,45857,44379,1444391
2012,$200k+,7,all,6156,14720,10672,357681
2013,$200k+,7,all,7147,17078,12892,383803
2014,$200k+,7,all,6889,16519,12798,408767
2015,$200k+,7,all,5613,12483,10546,453458
2016,$200k+,7,all,8053,18599,16506,481412
2017,$200k+,7,all,10140,23403,22028,490599
2018,$200k+,7,all,8564,18784,17756,542029
2019,$200k+,7,all,9671,20379,18500,589734
2020,$200k+,7,all,9650,20784,29562,600156
2021,$200k+,7,all,11690,24482,31485,569315
2022,$200k+,7,all,17829,32435,29869,694054
2023,$200k+,7,all,17233,31016,27731,759811
2012,all,0,under 26,40517,53406,40042,674668
2013,all,0,under 26,38687,51356,40318,683811
2014,all,0,under 26,35959,47242,40449,712645
2015,all,0,under 26,34253,45403,36381,756756
2016,all,0,under 26,38240,49343,43960,782606
2017,all,0,under 26,37742,45002,42499,567958
2018,all,0,under 26,34900,40958,37037,578680
2019,all,0,under 26,35020,40648,36267,580906
2020,all,0,under 26,32393,37901,41276,567470
2021,all,0,under 26,29964,34502,42508,581264
2022,all,0,under 26,42871,47041,43058,665231
2023,all,0,under 26,59479,65176,51559,758347
2012,$1-10k,1,under 26,8558,11019,8773,145754
2013,$1-10k,1,under 26,7885,10066,8088,140342
2014,$1-10k,1,under 26,7005,8859,8295,144336
2015,$1-10k,1,under 26,6581,8547,7340,142279
2016,$1-10k,1,under 26,6432,8144,7734,134010
2017,$1-10k,1,under 26,5357,6466,6475,85461
2018,$1-10k,1,under 26,4649,5581,5137,77760
2019,$1-10k,1,under 26,4205,4969,4454,67228
2020,$1-10k,1,under 26,4199,4934,4939,64642
2021,$1-10k,1,under 26,4211,4844,5392,72256
2022,$1-10k,1,under 26,4113,4692,4578,68269
2023,$1-10k,1,under 26,6429,7206,6442,98002
2012,$10-25k,2,under 26,14889,21043,15803,299477
2013,$10-25k,2,under 26,14561,20459,16465,303120
2014,$10-25k,2,under 26,12964,18134,16237,308747
2015,$10-25k,2,under 26,12238,17421,14834,320621
2016,$10-25k,2,under 26,12680,17291,16539,323900
2017,$10-25k,2,under 26,11947,14789,15748,231261
2018,$10-25k,2,under 26,10682,13116,13208,225871
2019,$10-25k,2,under 26,10257,12437,12519,212453
2020,$10-25k,2,under 26,8832,10880,12393,190727
2021,$10-25k,2,under 26,7879,9356,12257,191721
2022,$10-25k,2,under 26,9954,11207,12950,227366
2023,$10-25k,2,under 26,14030,16228,15044,237973
2012,$25-50k,3,under 26,12490,15713,11080,174659
2013,$25-50k,3,under 26,11086,14468,10684,179871
2014,$25-50k,3,under 26,10287,13300,10280,191375
2015,$25-50k,3,under 26,9564,12256,9238,210923
2016,$25-50k,3,under 26,11174,14110,12393,228200
2017,$25-50k,3,under 26,12099,14512,13000,178658
2018,$25-50k,3,under 26,11211,13157,11572,190473
2019,$25-50k,3,under 26,11013,12825,11733,205260
2020,$25-50k,3,under 26,10284,12195,12691,210146
2021,$25-50k,3,under 26,8676,10360,13340,217858
2022,$25-50k,3,under 26,11965,13372,15133,252673
2023,$25-50k,3,under 26,17354,18969,17133,269149
2012,$50-75k,4,under 26,2993,3569,2608,36392
2013,$50-75k,4,under 26,3296,3911,2926,39935
2014,$50-75k,4,under 26,3557,4154,3178,44442
2015,$50-75k,4,under 26,3530,4130,2777,52562
2016,$50-75k,4,under 26,4583,5377,3864,60280
2017,$50-75k,4,under 26,5032,5565,4288,47746
2018,$50-75k,4,under 26,4963,5413,4075,55010
2019,$50-75k,4,under 26,5358,5877,4235,61445
2020,$50-75k,4,under 26,4981,5453,5966,65418
2021,$50-75k,4,under 26,4616,5058,5912,64134
2022,$50-75k,4,under 26,7398,7930,5695,72499
2023,$50-75k,4,under 26,10282,10916,6819,91525
2012,$75-100k,5,under 26,869,1090,828,9842
2013,$75-100k,5,under 26,1012,1276,998,11058
2014,$75-100k,5,under 26,1201,1465,1145,12525
2015,$75-100k,5,under 26,1234,1474,982,15388
2016,$75-100k,5,under 26,1710,2028,1493,17796
2017,$75-100k,5,under 26,1881,2088,1543,13755
2018,$75-100k,5,under 26,1865,2013,1534,16469
2019,$75-100k,5,under 26,2218,2400,1646,18970
2020,$75-100k,5,under 26,2066,2239,2518,19937
2021,$75-100k,5,under 26,2210,2369,2696,19334
2022,$75-100k,5,under 26,4065,4255,2325,23854
2023,$75-100k,5,under 26,5012,5244,3034,31655
2012,$100-200k,6,under 26,591,766,786,6923
2013,$100-200k,6,under 26,690,931,899,7643
2014,$100-200k,6,under 26,773,1023,1032,8947
2015,$100-200k,6,under 26,874,1155,910,11568
2016,$100-200k,6,under 26,1353,1864,1457,14140
2017,$100-200k,6,under 26,1239,1363,1251,9319
2018,$100-200k,6,under 26,1324,1440,1254,11007
2019,$100-200k,6,under 26,1689,1813,1389,13046
2020,$100-200k,6,under 26,1723,1853,2319,13960
2021,$100-200k,6,under 26,1950,2074,2469,13694
2022,$100-200k,6,under 26,4114,4284,1888,16734
2023,$100-200k,6,under 26,5235,5430,2548,25175
2012,$200k+,7,under 26,127,206,164,1621
2013,$200k+,7,under 26,157,245,258,1842
2014,$200k+,7,under 26,172,307,282,2273
2015,$200k+,7,under 26,232,420,300,3415
2016,$200k+,7,under 26,308,529,480,4280
2017,$200k+,7,under 26,187,219,194,1758
2018,$200k+,7,under 26,206,238,257,2090
2019,$200k+,7,under 26,280,327,291,2504
2020,$200k+,7,under 26,308,347,450,2640
2021,$200k+,7,under 26,422,441,442,2267
2022,$200k+,7,under 26,1262,1301,489,3836
2023,$200k+,7,under 26,1137,1183,539,4868
