geo,sex,age_group,year,vintage,pop
Bronx,all,15-19,2010,v2020,115581
Bronx,all,15-19,2011,v2020,114572
Bronx,all,15-19,2012,v2020,110325
Bronx,all,15-19,2013,v2020,106643
Bronx,all,15-19,2014,v2020,103357
Bronx,all,15-19,2015,v2020,100366
Bronx,all,15-19,2016,v2020,98694
Bronx,all,15-19,2017,v2020,97955
Bronx,all,15-19,2018,v2020,96793
Bronx,all,15-19,2019,v2020,95458
Bronx,all,15-19,2020,v2020,93923
Bronx,all,15-19,2020,v2025,104222
Bronx,all,15-19,2021,v2025,98113
Bronx,all,15-19,2022,v2025,94356
Bronx,all,15-19,2023,v2025,94336
Bronx,all,15-19,2024,v2025,97273
Bronx,all,15-19,2025,v2025,96318
Bronx,all,20-24,2010,v2020,112834
Bronx,all,20-24,2011,v2020,113927
Bronx,all,20-24,2012,v2020,117981
Bronx,all,20-24,2013,v2020,122303
Bronx,all,20-24,2014,v2020,123331
Bronx,all,20-24,2015,v2020,122549
Bronx,all,20-24,2016,v2020,118815
Bronx,all,20-24,2017,v2020,113409
Bronx,all,20-24,2018,v2020,108173
Bronx,all,20-24,2019,v2020,103768
Bronx,all,20-24,2020,v2020,99719
Bronx,all,20-24,2020,v2025,105284
Bronx,all,20-24,2021,v2025,104003
Bronx,all,20-24,2022,v2025,101169
Bronx,all,20-24,2023,v2025,101451
Bronx,all,20-24,2024,v2025,103531
Bronx,all,20-24,2025,v2025,101390
Bronx,all,25-29,2010,v2020,105658
Bronx,all,25-29,2011,v2020,105739
Bronx,all,25-29,2012,v2020,106699
Bronx,all,25-29,2013,v2020,108311
Bronx,all,25-29,2014,v2020,111437
Bronx,all,25-29,2015,v2020,115662
Bronx,all,25-29,2016,v2020,120079
Bronx,all,25-29,2017,v2020,123613
Bronx,all,25-29,2018,v2020,124238
Bronx,all,25-29,2019,v2020,123016
Bronx,all,25-29,2020,v2020,119437
Bronx,all,25-29,2020,v2025,110818
Bronx,all,25-29,2021,v2025,104007
Bronx,all,25-29,2022,v2025,98685
Bronx,all,25-29,2023,v2025,98547
Bronx,all,25-29,2024,v2025,102432
Bronx,all,25-29,2025,v2025,104521
Bronx,all,30-34,2010,v2020,97772
Bronx,all,30-34,2011,v2020,98198
Bronx,all,30-34,2012,v2020,99518
Bronx,all,30-34,2013,v2020,101317
Bronx,all,30-34,2014,v2020,103039
Bronx,all,30-34,2015,v2020,103869
Bronx,all,30-34,2016,v2020,104365
Bronx,all,30-34,2017,v2020,105686
Bronx,all,30-34,2018,v2020,105726
Bronx,all,30-34,2019,v2020,106282
Bronx,all,30-34,2020,v2020,107199
Bronx,all,30-34,2020,v2025,109195
Bronx,all,30-34,2021,v2025,105743
Bronx,all,30-34,2022,v2025,101525
Bronx,all,30-34,2023,v2025,100996
Bronx,all,30-34,2024,v2025,103254
Bronx,all,30-34,2025,v2025,101239
Bronx,female,15-19,2010,v2020,56166
Bronx,female,15-19,2011,v2020,55681
Bronx,female,15-19,2012,v2020,53624
Bronx,female,15-19,2013,v2020,51966
Bronx,female,15-19,2014,v2020,50315
Bronx,female,15-19,2015,v2020,48850
Bronx,female,15-19,2016,v2020,48018
Bronx,female,15-19,2017,v2020,47711
Bronx,female,15-19,2018,v2020,46967
Bronx,female,15-19,2019,v2020,46455
Bronx,female,15-19,2020,v2020,45659
Bronx,female,15-19,2020,v2025,51135
Bronx,female,15-19,2021,v2025,47903
Bronx,female,15-19,2022,v2025,45908
Bronx,female,15-19,2023,v2025,45887
Bronx,female,15-19,2024,v2025,47109
Bronx,female,15-19,2025,v2025,46730
Bronx,female,20-24,2010,v2020,56255
Bronx,female,20-24,2011,v2020,56692
Bronx,female,20-24,2012,v2020,58584
Bronx,female,20-24,2013,v2020,60834
Bronx,female,20-24,2014,v2020,61308
Bronx,female,20-24,2015,v2020,61229
Bronx,female,20-24,2016,v2020,59493
Bronx,female,20-24,2017,v2020,56804
Bronx,female,20-24,2018,v2020,54262
Bronx,female,20-24,2019,v2020,51857
Bronx,female,20-24,2020,v2020,49811
Bronx,female,20-24,2020,v2025,52450
Bronx,female,20-24,2021,v2025,51616
Bronx,female,20-24,2022,v2025,50316
Bronx,female,20-24,2023,v2025,50935
Bronx,female,20-24,2024,v2025,52141
Bronx,female,20-24,2025,v2025,50682
Bronx,female,25-29,2010,v2020,55938
Bronx,female,25-29,2011,v2020,55925
Bronx,female,25-29,2012,v2020,55999
Bronx,female,25-29,2013,v2020,56590
Bronx,female,25-29,2014,v2020,57864
Bronx,female,25-29,2015,v2020,59521
Bronx,female,25-29,2016,v2020,61525
Bronx,female,25-29,2017,v2020,63177
Bronx,female,25-29,2018,v2020,63406
Bronx,female,25-29,2019,v2020,62693
Bronx,female,25-29,2020,v2020,60837
Bronx,female,25-29,2020,v2025,57709
Bronx,female,25-29,2021,v2025,53736
Bronx,female,25-29,2022,v2025,50749
Bronx,female,25-29,2023,v2025,50789
Bronx,female,25-29,2024,v2025,53020
Bronx,female,25-29,2025,v2025,54170
Bronx,female,30-34,2010,v2020,52918
Bronx,female,30-34,2011,v2020,53012
Bronx,female,30-34,2012,v2020,53510
Bronx,female,30-34,2013,v2020,54268
Bronx,female,30-34,2014,v2020,54946
Bronx,female,30-34,2015,v2020,55256
Bronx,female,30-34,2016,v2020,55181
Bronx,female,30-34,2017,v2020,55560
Bronx,female,30-34,2018,v2020,55221
Bronx,female,30-34,2019,v2020,55309
Bronx,female,30-34,2020,v2020,55238
Bronx,female,30-34,2020,v2025,57863
Bronx,female,30-34,2021,v2025,55623
Bronx,female,30-34,2022,v2025,53317
Bronx,female,30-34,2023,v2025,52745
Bronx,female,30-34,2024,v2025,54209
Bronx,female,30-34,2025,v2025,52970
Bronx,male,15-19,2010,v2020,59415
Bronx,male,15-19,2011,v2020,58891
Bronx,male,15-19,2012,v2020,56701
Bronx,male,15-19,2013,v2020,54677
Bronx,male,15-19,2014,v2020,53042
Bronx,male,15-19,2015,v2020,51516
Bronx,male,15-19,2016,v2020,50676
Bronx,male,15-19,2017,v2020,50244
Bronx,male,15-19,2018,v2020,49826
Bronx,male,15-19,2019,v2020,49003
Bronx,male,15-19,2020,v2020,48264
Bronx,male,15-19,2020,v2025,53087
Bronx,male,15-19,2021,v2025,50210
Bronx,male,15-19,2022,v2025,48448
Bronx,male,15-19,2023,v2025,48449
Bronx,male,15-19,2024,v2025,50164
Bronx,male,15-19,2025,v2025,49588
Bronx,male,20-24,2010,v2020,56579
Bronx,male,20-24,2011,v2020,57235
Bronx,male,20-24,2012,v2020,59397
Bronx,male,20-24,2013,v2020,61469
Bronx,male,20-24,2014,v2020,62023
Bronx,male,20-24,2015,v2020,61320
Bronx,male,20-24,2016,v2020,59322
Bronx,male,20-24,2017,v2020,56605
Bronx,male,20-24,2018,v2020,53911
Bronx,male,20-24,2019,v2020,51911
Bronx,male,20-24,2020,v2020,49908
Bronx,male,20-24,2020,v2025,52834
Bronx,male,20-24,2021,v2025,52387
Bronx,male,20-24,2022,v2025,50853
Bronx,male,20-24,2023,v2025,50516
Bronx,male,20-24,2024,v2025,51390
Bronx,male,20-24,2025,v2025,50708
Bronx,male,25-29,2010,v2020,49720
Bronx,male,25-29,2011,v2020,49814
Bronx,male,25-29,2012,v2020,50700
Bronx,male,25-29,2013,v2020,51721
Bronx,male,25-29,2014,v2020,53573
Bronx,male,25-29,2015,v2020,56141
Bronx,male,25-29,2016,v2020,58554
Bronx,male,25-29,2017,v2020,60436
Bronx,male,25-29,2018,v2020,60832
Bronx,male,25-29,2019,v2020,60323
Bronx,male,25-29,2020,v2020,58600
Bronx,male,25-29,2020,v2025,53109
Bronx,male,25-29,2021,v2025,50271
Bronx,male,25-29,2022,v2025,47936
Bronx,male,25-29,2023,v2025,47758
Bronx,male,25-29,2024,v2025,49412
Bronx,male,25-29,2025,v2025,50351
Bronx,male,30-34,2010,v2020,44854
Bronx,male,30-34,2011,v2020,45186
Bronx,male,30-34,2012,v2020,46008
Bronx,male,30-34,2013,v2020,47049
Bronx,male,30-34,2014,v2020,48093
Bronx,male,30-34,2015,v2020,48613
Bronx,male,30-34,2016,v2020,49184
Bronx,male,30-34,2017,v2020,50126
Bronx,male,30-34,2018,v2020,50505
Bronx,male,30-34,2019,v2020,50973
Bronx,male,30-34,2020,v2020,51961
Bronx,male,30-34,2020,v2025,51332
Bronx,male,30-34,2021,v2025,50120
Bronx,male,30-34,2022,v2025,48208
Bronx,male,30-34,2023,v2025,48251
Bronx,male,30-34,2024,v2025,49045
Bronx,male,30-34,2025,v2025,48269
Brooklyn,all,15-19,2010,v2020,170696
Brooklyn,all,15-19,2011,v2020,168372
Brooklyn,all,15-19,2012,v2020,160614
Brooklyn,all,15-19,2013,v2020,155486
Brooklyn,all,15-19,2014,v2020,150768
Brooklyn,all,15-19,2015,v2020,146808
Brooklyn,all,15-19,2016,v2020,143283
Brooklyn,all,15-19,2017,v2020,141252
Brooklyn,all,15-19,2018,v2020,138262
Brooklyn,all,15-19,2019,v2020,136257
Brooklyn,all,15-19,2020,v2020,134632
Brooklyn,all,15-19,2020,v2025,155649
Brooklyn,all,15-19,2021,v2025,146133
Brooklyn,all,15-19,2022,v2025,143121
Brooklyn,all,15-19,2023,v2025,144005
Brooklyn,all,15-19,2024,v2025,146169
Brooklyn,all,15-19,2025,v2025,144243
Brooklyn,all,20-24,2010,v2020,195816
Brooklyn,all,20-24,2011,v2020,196266
Brooklyn,all,20-24,2012,v2020,198728
Brooklyn,all,20-24,2013,v2020,197331
Brooklyn,all,20-24,2014,v2020,192280
Brooklyn,all,20-24,2015,v2020,186346
Brooklyn,all,20-24,2016,v2020,177973
Brooklyn,all,20-24,2017,v2020,169952
Brooklyn,all,20-24,2018,v2020,163291
Brooklyn,all,20-24,2019,v2020,157902
Brooklyn,all,20-24,2020,v2020,152645
Brooklyn,all,20-24,2020,v2025,189483
Brooklyn,all,20-24,2021,v2025,179004
Brooklyn,all,20-24,2022,v2025,173804
Brooklyn,all,20-24,2023,v2025,171944
Brooklyn,all,20-24,2024,v2025,171735
Brooklyn,all,20-24,2025,v2025,162100
Brooklyn,all,25-29,2010,v2020,222858
Brooklyn,all,25-29,2011,v2020,223406
Brooklyn,all,25-29,2012,v2020,228456
Brooklyn,all,25-29,2013,v2020,233690
Brooklyn,all,25-29,2014,v2020,238371
Brooklyn,all,25-29,2015,v2020,243210
Brooklyn,all,25-29,2016,v2020,247687
Brooklyn,all,25-29,2017,v2020,250118
Brooklyn,all,25-29,2018,v2020,247507
Brooklyn,all,25-29,2019,v2020,242938
Brooklyn,all,25-29,2020,v2020,236197
Brooklyn,all,25-29,2020,v2025,251631
Brooklyn,all,25-29,2021,v2025,233664
Brooklyn,all,25-29,2022,v2025,231144
Brooklyn,all,25-29,2023,v2025,237216
Brooklyn,all,25-29,2024,v2025,246584
Brooklyn,all,25-29,2025,v2025,249011
Brooklyn,all,30-34,2010,v2020,202876
Brooklyn,all,30-34,2011,v2020,203942
Brooklyn,all,30-34,2012,v2020,210386
Brooklyn,all,30-34,2013,v2020,216284
Brooklyn,all,30-34,2014,v2020,221634
Brooklyn,all,30-34,2015,v2020,224883
Brooklyn,all,30-34,2016,v2020,226252
Brooklyn,all,30-34,2017,v2020,228714
Brooklyn,all,30-34,2018,v2020,229247
Brooklyn,all,30-34,2019,v2020,231128
Brooklyn,all,30-34,2020,v2020,234195
Brooklyn,all,30-34,2020,v2025,254529
Brooklyn,all,30-34,2021,v2025,242582
Brooklyn,all,30-34,2022,v2025,239311
Brooklyn,all,30-34,2023,v2025,240951
Brooklyn,all,30-34,2024,v2025,247421
Brooklyn,all,30-34,2025,v2025,247284
Brooklyn,female,15-19,2010,v2020,83972
Brooklyn,female,15-19,2011,v2020,82840
Brooklyn,female,15-19,2012,v2020,79200
Brooklyn,female,15-19,2013,v2020,76767
Brooklyn,female,15-19,2014,v2020,74568
Brooklyn,female,15-19,2015,v2020,72734
Brooklyn,female,15-19,2016,v2020,70839
Brooklyn,female,15-19,2017,v2020,69790
Brooklyn,female,15-19,2018,v2020,68237
Brooklyn,female,15-19,2019,v2020,67225
Brooklyn,female,15-19,2020,v2020,66305
Brooklyn,female,15-19,2020,v2025,76228
Brooklyn,female,15-19,2021,v2025,71267
Brooklyn,female,15-19,2022,v2025,69658
Brooklyn,female,15-19,2023,v2025,69749
Brooklyn,female,15-19,2024,v2025,70580
Brooklyn,female,15-19,2025,v2025,69577
Brooklyn,female,20-24,2010,v2020,99141
Brooklyn,female,20-24,2011,v2020,99465
Brooklyn,female,20-24,2012,v2020,100978
Brooklyn,female,20-24,2013,v2020,100239
Brooklyn,female,20-24,2014,v2020,97892
Brooklyn,female,20-24,2015,v2020,95421
Brooklyn,female,20-24,2016,v2020,91490
Brooklyn,female,20-24,2017,v2020,87664
Brooklyn,female,20-24,2018,v2020,84454
Brooklyn,female,20-24,2019,v2020,82120
Brooklyn,female,20-24,2020,v2020,79843
Brooklyn,female,20-24,2020,v2025,96783
Brooklyn,female,20-24,2021,v2025,90998
Brooklyn,female,20-24,2022,v2025,88588
Brooklyn,female,20-24,2023,v2025,87693
Brooklyn,female,20-24,2024,v2025,86747
Brooklyn,female,20-24,2025,v2025,81618
Brooklyn,female,25-29,2010,v2020,116794
Brooklyn,female,25-29,2011,v2020,116978
Brooklyn,female,25-29,2012,v2020,119316
Brooklyn,female,25-29,2013,v2020,121752
Brooklyn,female,25-29,2014,v2020,124201
Brooklyn,female,25-29,2015,v2020,126180
Brooklyn,female,25-29,2016,v2020,128205
Brooklyn,female,25-29,2017,v2020,129423
Brooklyn,female,25-29,2018,v2020,127927
Brooklyn,female,25-29,2019,v2020,125686
Brooklyn,female,25-29,2020,v2020,122848
Brooklyn,female,25-29,2020,v2025,132156
Brooklyn,female,25-29,2021,v2025,122792
Brooklyn,female,25-29,2022,v2025,121659
Brooklyn,female,25-29,2023,v2025,125162
Brooklyn,female,25-29,2024,v2025,130459
Brooklyn,female,25-29,2025,v2025,131679
Brooklyn,female,30-34,2010,v2020,105714
Brooklyn,female,30-34,2011,v2020,106230
Brooklyn,female,30-34,2012,v2020,109443
Brooklyn,female,30-34,2013,v2020,112121
Brooklyn,female,30-34,2014,v2020,114861
Brooklyn,female,30-34,2015,v2020,116557
Brooklyn,female,30-34,2016,v2020,117101
Brooklyn,female,30-34,2017,v2020,117980
Brooklyn,female,30-34,2018,v2020,118017
Brooklyn,female,30-34,2019,v2020,118491
Brooklyn,female,30-34,2020,v2020,119699
Brooklyn,female,30-34,2020,v2025,131756
Brooklyn,female,30-34,2021,v2025,125375
Brooklyn,female,30-34,2022,v2025,123157
Brooklyn,female,30-34,2023,v2025,123622
Brooklyn,female,30-34,2024,v2025,126831
Brooklyn,female,30-34,2025,v2025,127498
Brooklyn,male,15-19,2010,v2020,86724
Brooklyn,male,15-19,2011,v2020,85532
Brooklyn,male,15-19,2012,v2020,81414
Brooklyn,male,15-19,2013,v2020,78719
Brooklyn,male,15-19,2014,v2020,76200
Brooklyn,male,15-19,2015,v2020,74074
Brooklyn,male,15-19,2016,v2020,72444
Brooklyn,male,15-19,2017,v2020,71462
Brooklyn,male,15-19,2018,v2020,70025
Brooklyn,male,15-19,2019,v2020,69032
Brooklyn,male,15-19,2020,v2020,68327
Brooklyn,male,15-19,2020,v2025,79421
Brooklyn,male,15-19,2021,v2025,74866
Brooklyn,male,15-19,2022,v2025,73463
Brooklyn,male,15-19,2023,v2025,74256
Brooklyn,male,15-19,2024,v2025,75589
Brooklyn,male,15-19,2025,v2025,74666
Brooklyn,male,20-24,2010,v2020,96675
Brooklyn,male,20-24,2011,v2020,96801
Brooklyn,male,20-24,2012,v2020,97750
Brooklyn,male,20-24,2013,v2020,97092
Brooklyn,male,20-24,2014,v2020,94388
Brooklyn,male,20-24,2015,v2020,90925
Brooklyn,male,20-24,2016,v2020,86483
Brooklyn,male,20-24,2017,v2020,82288
Brooklyn,male,20-24,2018,v2020,78837
Brooklyn,male,20-24,2019,v2020,75782
Brooklyn,male,20-24,2020,v2020,72802
Brooklyn,male,20-24,2020,v2025,92700
Brooklyn,male,20-24,2021,v2025,88006
Brooklyn,male,20-24,2022,v2025,85216
Brooklyn,male,20-24,2023,v2025,84251
Brooklyn,male,20-24,2024,v2025,84988
Brooklyn,male,20-24,2025,v2025,80482
Brooklyn,male,25-29,2010,v2020,106064
Brooklyn,male,25-29,2011,v2020,106428
Brooklyn,male,25-29,2012,v2020,109140
Brooklyn,male,25-29,2013,v2020,111938
Brooklyn,male,25-29,2014,v2020,114170
Brooklyn,male,25-29,2015,v2020,117030
Brooklyn,male,25-29,2016,v2020,119482
Brooklyn,male,25-29,2017,v2020,120695
Brooklyn,male,25-29,2018,v2020,119580
Brooklyn,male,25-29,2019,v2020,117252
Brooklyn,male,25-29,2020,v2020,113349
Brooklyn,male,25-29,2020,v2025,119475
Brooklyn,male,25-29,2021,v2025,110872
Brooklyn,male,25-29,2022,v2025,109485
Brooklyn,male,25-29,2023,v2025,112054
Brooklyn,male,25-29,2024,v2025,116125
Brooklyn,male,25-29,2025,v2025,117332
Brooklyn,male,30-34,2010,v2020,97162
Brooklyn,male,30-34,2011,v2020,97712
Brooklyn,male,30-34,2012,v2020,100943
Brooklyn,male,30-34,2013,v2020,104163
Brooklyn,male,30-34,2014,v2020,106773
Brooklyn,male,30-34,2015,v2020,108326
Brooklyn,male,30-34,2016,v2020,109151
Brooklyn,male,30-34,2017,v2020,110734
Brooklyn,male,30-34,2018,v2020,111230
Brooklyn,male,30-34,2019,v2020,112637
Brooklyn,male,30-34,2020,v2020,114496
Brooklyn,male,30-34,2020,v2025,122773
Brooklyn,male,30-34,2021,v2025,117207
Brooklyn,male,30-34,2022,v2025,116154
Brooklyn,male,30-34,2023,v2025,117329
Brooklyn,male,30-34,2024,v2025,120590
Brooklyn,male,30-34,2025,v2025,119786
Manhattan,all,15-19,2010,v2020,77540
Manhattan,all,15-19,2011,v2020,76879
Manhattan,all,15-19,2012,v2020,74588
Manhattan,all,15-19,2013,v2020,72972
Manhattan,all,15-19,2014,v2020,71265
Manhattan,all,15-19,2015,v2020,69980
Manhattan,all,15-19,2016,v2020,69442
Manhattan,all,15-19,2017,v2020,68860
Manhattan,all,15-19,2018,v2020,68100
Manhattan,all,15-19,2019,v2020,68190
Manhattan,all,15-19,2020,v2020,67998
Manhattan,all,15-19,2020,v2025,75102
Manhattan,all,15-19,2021,v2025,69220
Manhattan,all,15-19,2022,v2025,72011
Manhattan,all,15-19,2023,v2025,73659
Manhattan,all,15-19,2024,v2025,75124
Manhattan,all,15-19,2025,v2025,74109
Manhattan,all,20-24,2010,v2020,141616
Manhattan,all,20-24,2011,v2020,139295
Manhattan,all,20-24,2012,v2020,132515
Manhattan,all,20-24,2013,v2020,126408
Manhattan,all,20-24,2014,v2020,121408
Manhattan,all,20-24,2015,v2020,118664
Manhattan,all,20-24,2016,v2020,116275
Manhattan,all,20-24,2017,v2020,114770
Manhattan,all,20-24,2018,v2020,112936
Manhattan,all,20-24,2019,v2020,111153
Manhattan,all,20-24,2020,v2020,110445
Manhattan,all,20-24,2020,v2025,135907
Manhattan,all,20-24,2021,v2025,111081
Manhattan,all,20-24,2022,v2025,120145
Manhattan,all,20-24,2023,v2025,123139
Manhattan,all,20-24,2024,v2025,124653
Manhattan,all,20-24,2025,v2025,119419
Manhattan,all,25-29,2010,v2020,186773
Manhattan,all,25-29,2011,v2020,187803
Manhattan,all,25-29,2012,v2020,194974
Manhattan,all,25-29,2013,v2020,198839
Manhattan,all,25-29,2014,v2020,199444
Manhattan,all,25-29,2015,v2020,198526
Manhattan,all,25-29,2016,v2020,196554
Manhattan,all,25-29,2017,v2020,193908
Manhattan,all,25-29,2018,v2020,190690
Manhattan,all,25-29,2019,v2020,188613
Manhattan,all,25-29,2020,v2020,188137
Manhattan,all,25-29,2020,v2025,199643
Manhattan,all,25-29,2021,v2025,170955
Manhattan,all,25-29,2022,v2025,183835
Manhattan,all,25-29,2023,v2025,195360
Manhattan,all,25-29,2024,v2025,204271
Manhattan,all,25-29,2025,v2025,207554
Manhattan,all,30-34,2010,v2020,154546
Manhattan,all,30-34,2011,v2020,155715
Manhattan,all,30-34,2012,v2020,161349
Manhattan,all,30-34,2013,v2020,166644
Manhattan,all,30-34,2014,v2020,169494
Manhattan,all,30-34,2015,v2020,170683
Manhattan,all,30-34,2016,v2020,172811
Manhattan,all,30-34,2017,v2020,174259
Manhattan,all,30-34,2018,v2020,174191
Manhattan,all,30-34,2019,v2020,174944
Manhattan,all,30-34,2020,v2020,174761
Manhattan,all,30-34,2020,v2025,179130
Manhattan,all,30-34,2021,v2025,160934
Manhattan,all,30-34,2022,v2025,163954
Manhattan,all,30-34,2023,v2025,167579
Manhattan,all,30-34,2024,v2025,173315
Manhattan,all,30-34,2025,v2025,175416
Manhattan,female,15-19,2010,v2020,40588
Manhattan,female,15-19,2011,v2020,40291
Manhattan,female,15-19,2012,v2020,39159
Manhattan,female,15-19,2013,v2020,38387
Manhattan,female,15-19,2014,v2020,37766
Manhattan,female,15-19,2015,v2020,37328
Manhattan,female,15-19,2016,v2020,37166
Manhattan,female,15-19,2017,v2020,36956
Manhattan,female,15-19,2018,v2020,36544
Manhattan,female,15-19,2019,v2020,36472
Manhattan,female,15-19,2020,v2020,36389
Manhattan,female,15-19,2020,v2025,40017
Manhattan,female,15-19,2021,v2025,36434
Manhattan,female,15-19,2022,v2025,38187
Manhattan,female,15-19,2023,v2025,39074
Manhattan,female,15-19,2024,v2025,40070
Manhattan,female,15-19,2025,v2025,39489
Manhattan,female,20-24,2010,v2020,79851
Manhattan,female,20-24,2011,v2020,78380
Manhattan,female,20-24,2012,v2020,73461
Manhattan,female,20-24,2013,v2020,69248
Manhattan,female,20-24,2014,v2020,66201
Manhattan,female,20-24,2015,v2020,64356
Manhattan,female,20-24,2016,v2020,62942
Manhattan,female,20-24,2017,v2020,62159
Manhattan,female,20-24,2018,v2020,61229
Manhattan,female,20-24,2019,v2020,61088
Manhattan,female,20-24,2020,v2020,61095
Manhattan,female,20-24,2020,v2025,77649
Manhattan,female,20-24,2021,v2025,62921
Manhattan,female,20-24,2022,v2025,68385
Manhattan,female,20-24,2023,v2025,69271
Manhattan,female,20-24,2024,v2025,69124
Manhattan,female,20-24,2025,v2025,66231
Manhattan,female,25-29,2010,v2020,101550
Manhattan,female,25-29,2011,v2020,102145
Manhattan,female,25-29,2012,v2020,106235
Manhattan,female,25-29,2013,v2020,108251
Manhattan,female,25-29,2014,v2020,108329
Manhattan,female,25-29,2015,v2020,107396
Manhattan,female,25-29,2016,v2020,105351
Manhattan,female,25-29,2017,v2020,103267
Manhattan,female,25-29,2018,v2020,101065
Manhattan,female,25-29,2019,v2020,99153
Manhattan,female,25-29,2020,v2020,98544
Manhattan,female,25-29,2020,v2025,107947
Manhattan,female,25-29,2021,v2025,92671
Manhattan,female,25-29,2022,v2025,99490
Manhattan,female,25-29,2023,v2025,105843
Manhattan,female,25-29,2024,v2025,111197
Manhattan,female,25-29,2025,v2025,113305
Manhattan,female,30-34,2010,v2020,78874
Manhattan,female,30-34,2011,v2020,79581
Manhattan,female,30-34,2012,v2020,82605
Manhattan,female,30-34,2013,v2020,85477
Manhattan,female,30-34,2014,v2020,87000
Manhattan,female,30-34,2015,v2020,87748
Manhattan,female,30-34,2016,v2020,88668
Manhattan,female,30-34,2017,v2020,88982
Manhattan,female,30-34,2018,v2020,88638
Manhattan,female,30-34,2019,v2020,89004
Manhattan,female,30-34,2020,v2020,88485
Manhattan,female,30-34,2020,v2025,91407
Manhattan,female,30-34,2021,v2025,81957
Manhattan,female,30-34,2022,v2025,83216
Manhattan,female,30-34,2023,v2025,84707
Manhattan,female,30-34,2024,v2025,87705
Manhattan,female,30-34,2025,v2025,89069
Manhattan,male,15-19,2010,v2020,36952
Manhattan,male,15-19,2011,v2020,36588
Manhattan,male,15-19,2012,v2020,35429
Manhattan,male,15-19,2013,v2020,34585
Manhattan,male,15-19,2014,v2020,33499
Manhattan,male,15-19,2015,v2020,32652
Manhattan,male,15-19,2016,v2020,32276
Manhattan,male,15-19,2017,v2020,31904
Manhattan,male,15-19,2018,v2020,31556
Manhattan,male,15-19,2019,v2020,31718
Manhattan,male,15-19,2020,v2020,31609
Manhattan,male,15-19,2020,v2025,35085
Manhattan,male,15-19,2021,v2025,32786
Manhattan,male,15-19,2022,v2025,33824
Manhattan,male,15-19,2023,v2025,34585
Manhattan,male,15-19,2024,v2025,35054
Manhattan,male,15-19,2025,v2025,34620
Manhattan,male,20-24,2010,v2020,61765
Manhattan,male,20-24,2011,v2020,60915
Manhattan,male,20-24,2012,v2020,59054
Manhattan,male,20-24,2013,v2020,57160
Manhattan,male,20-24,2014,v2020,55207
Manhattan,male,20-24,2015,v2020,54308
Manhattan,male,20-24,2016,v2020,53333
Manhattan,male,20-24,2017,v2020,52611
Manhattan,male,20-24,2018,v2020,51707
Manhattan,male,20-24,2019,v2020,50065
Manhattan,male,20-24,2020,v2020,49350
Manhattan,male,20-24,2020,v2025,58258
Manhattan,male,20-24,2021,v2025,48160
Manhattan,male,20-24,2022,v2025,51760
Manhattan,male,20-24,2023,v2025,53868
Manhattan,male,20-24,2024,v2025,55529
Manhattan,male,20-24,2025,v2025,53188
Manhattan,male,25-29,2010,v2020,85223
Manhattan,male,25-29,2011,v2020,85658
Manhattan,male,25-29,2012,v2020,88739
Manhattan,male,25-29,2013,v2020,90588
Manhattan,male,25-29,2014,v2020,91115
Manhattan,male,25-29,2015,v2020,91130
Manhattan,male,25-29,2016,v2020,91203
Manhattan,male,25-29,2017,v2020,90641
Manhattan,male,25-29,2018,v2020,89625
Manhattan,male,25-29,2019,v2020,89460
Manhattan,male,25-29,2020,v2020,89593
Manhattan,male,25-29,2020,v2025,91696
Manhattan,male,25-29,2021,v2025,78284
Manhattan,male,25-29,2022,v2025,84345
Manhattan,male,25-29,2023,v2025,89517
Manhattan,male,25-29,2024,v2025,93074
Manhattan,male,25-29,2025,v2025,94249
Manhattan,male,30-34,2010,v2020,75672
Manhattan,male,30-34,2011,v2020,76134
Manhattan,male,30-34,2012,v2020,78744
Manhattan,male,30-34,2013,v2020,81167
Manhattan,male,30-34,2014,v2020,82494
Manhattan,male,30-34,2015,v2020,82935
Manhattan,male,30-34,2016,v2020,84143
Manhattan,male,30-34,2017,v2020,85277
Manhattan,male,30-34,2018,v2020,85553
Manhattan,male,30-34,2019,v2020,85940
Manhattan,male,30-34,2020,v2020,86276
Manhattan,male,30-34,2020,v2025,87723
Manhattan,male,30-34,2021,v2025,78977
Manhattan,male,30-34,2022,v2025,80738
Manhattan,male,30-34,2023,v2025,82872
Manhattan,male,30-34,2024,v2025,85610
Manhattan,male,30-34,2025,v2025,86347
NYC,all,15-19,2010,v2020,535827
NYC,all,15-19,2011,v2020,529917
NYC,all,15-19,2012,v2020,508631
NYC,all,15-19,2013,v2020,493395
NYC,all,15-19,2014,v2020,479923
NYC,all,15-19,2015,v2020,467933
NYC,all,15-19,2016,v2020,460265
NYC,all,15-19,2017,v2020,455168
NYC,all,15-19,2018,v2020,448313
NYC,all,15-19,2019,v2020,443430
NYC,all,15-19,2020,v2020,439090
NYC,all,15-19,2020,v2025,498661
NYC,all,15-19,2021,v2025,468111
NYC,all,15-19,2022,v2025,460056
NYC,all,15-19,2023,v2025,463727
NYC,all,15-19,2024,v2025,473432
NYC,all,15-19,2025,v2025,465771
NYC,all,20-24,2010,v2020,642582
NYC,all,20-24,2011,v2020,642183
NYC,all,20-24,2012,v2020,644864
NYC,all,20-24,2013,v2020,641058
NYC,all,20-24,2014,v2020,628579
NYC,all,20-24,2015,v2020,614241
NYC,all,20-24,2016,v2020,591338
NYC,all,20-24,2017,v2020,568521
NYC,all,20-24,2018,v2020,548559
NYC,all,20-24,2019,v2020,531175
NYC,all,20-24,2020,v2020,516482
NYC,all,20-24,2020,v2025,615532
NYC,all,20-24,2021,v2025,575786
NYC,all,20-24,2022,v2025,571877
NYC,all,20-24,2023,v2025,573468
NYC,all,20-24,2024,v2025,579303
NYC,all,20-24,2025,v2025,554311
NYC,all,25-29,2010,v2020,730183
NYC,all,25-29,2011,v2020,731785
NYC,all,25-29,2012,v2020,746279
NYC,all,25-29,2013,v2020,757122
NYC,all,25-29,2014,v2020,767285
NYC,all,25-29,2015,v2020,779725
NYC,all,25-29,2016,v2020,790274
NYC,all,25-29,2017,v2020,795717
NYC,all,25-29,2018,v2020,788324
NYC,all,25-29,2019,v2020,774777
NYC,all,25-29,2020,v2020,757158
NYC,all,25-29,2020,v2025,782628
NYC,all,25-29,2021,v2025,717315
NYC,all,25-29,2022,v2025,719232
NYC,all,25-29,2023,v2025,741992
NYC,all,25-29,2024,v2025,773753
NYC,all,25-29,2025,v2025,782981
NYC,all,30-34,2010,v2020,662240
NYC,all,30-34,2011,v2020,665324
NYC,all,30-34,2012,v2020,681347
NYC,all,30-34,2013,v2020,695748
NYC,all,30-34,2014,v2020,707616
NYC,all,30-34,2015,v2020,712560
NYC,all,30-34,2016,v2020,715614
NYC,all,30-34,2017,v2020,721319
NYC,all,30-34,2018,v2020,720737
NYC,all,30-34,2019,v2020,723023
NYC,all,30-34,2020,v2020,727830
NYC,all,30-34,2020,v2025,771619
NYC,all,30-34,2021,v2025,730150
NYC,all,30-34,2022,v2025,720852
NYC,all,30-34,2023,v2025,728866
NYC,all,30-34,2024,v2025,748407
NYC,all,30-34,2025,v2025,746158
NYC,female,15-19,2010,v2020,264019
NYC,female,15-19,2011,v2020,261197
NYC,female,15-19,2012,v2020,251138
NYC,female,15-19,2013,v2020,244379
NYC,female,15-19,2014,v2020,238300
NYC,female,15-19,2015,v2020,232664
NYC,female,15-19,2016,v2020,228813
NYC,female,15-19,2017,v2020,226166
NYC,female,15-19,2018,v2020,222437
NYC,female,15-19,2019,v2020,220014
NYC,female,15-19,2020,v2020,217745
NYC,female,15-19,2020,v2025,246631
NYC,female,15-19,2021,v2025,230102
NYC,female,15-19,2022,v2025,226103
NYC,female,15-19,2023,v2025,227532
NYC,female,15-19,2024,v2025,232260
NYC,female,15-19,2025,v2025,228543
NYC,female,20-24,2010,v2020,329617
NYC,female,20-24,2011,v2020,329152
NYC,female,20-24,2012,v2020,329839
NYC,female,20-24,2013,v2020,326970
NYC,female,20-24,2014,v2020,320759
NYC,female,20-24,2015,v2020,314498
NYC,female,20-24,2016,v2020,303452
NYC,female,20-24,2017,v2020,292561
NYC,female,20-24,2018,v2020,282919
NYC,female,20-24,2019,v2020,275011
NYC,female,20-24,2020,v2020,268387
NYC,female,20-24,2020,v2025,317989
NYC,female,20-24,2021,v2025,295364
NYC,female,20-24,2022,v2025,294941
NYC,female,20-24,2023,v2025,295929
NYC,female,20-24,2024,v2025,297467
NYC,female,20-24,2025,v2025,284059
NYC,female,25-29,2010,v2020,382139
NYC,female,25-29,2011,v2020,382847
NYC,female,25-29,2012,v2020,389880
NYC,female,25-29,2013,v2020,394992
NYC,female,25-29,2014,v2020,399358
NYC,female,25-29,2015,v2020,404231
NYC,female,25-29,2016,v2020,408315
NYC,female,25-29,2017,v2020,410310
NYC,female,25-29,2018,v2020,405868
NYC,female,25-29,2019,v2020,398040
NYC,female,25-29,2020,v2020,389405
NYC,female,25-29,2020,v2025,407964
NYC,female,25-29,2021,v2025,373091
NYC,female,25-29,2022,v2025,374196
NYC,female,25-29,2023,v2025,387279
NYC,female,25-29,2024,v2025,405403
NYC,female,25-29,2025,v2025,410829
NYC,female,30-34,2010,v2020,341750
NYC,female,30-34,2011,v2020,343268
NYC,female,30-34,2012,v2020,351260
NYC,female,30-34,2013,v2020,358252
NYC,female,30-34,2014,v2020,364162
NYC,female,30-34,2015,v2020,366367
NYC,female,30-34,2016,v2020,366949
NYC,female,30-34,2017,v2020,368484
NYC,female,30-34,2018,v2020,366979
NYC,female,30-34,2019,v2020,367149
NYC,female,30-34,2020,v2020,367854
NYC,female,30-34,2020,v2025,395399
NYC,female,30-34,2021,v2025,373279
NYC,female,30-34,2022,v2025,367282
NYC,female,30-34,2023,v2025,369993
NYC,female,30-34,2024,v2025,380225
NYC,female,30-34,2025,v2025,380211
NYC,male,15-19,2010,v2020,271808
NYC,male,15-19,2011,v2020,268720
NYC,male,15-19,2012,v2020,257493
NYC,male,15-19,2013,v2020,249016
NYC,male,15-19,2014,v2020,241623
NYC,male,15-19,2015,v2020,235269
NYC,male,15-19,2016,v2020,231452
NYC,male,15-19,2017,v2020,229002
NYC,male,15-19,2018,v2020,225876
NYC,male,15-19,2019,v2020,223416
NYC,male,15-19,2020,v2020,221345
NYC,male,15-19,2020,v2025,252030
NYC,male,15-19,2021,v2025,238009
NYC,male,15-19,2022,v2025,233953
NYC,male,15-19,2023,v2025,236195
NYC,male,15-19,2024,v2025,241172
NYC,male,15-19,2025,v2025,237228
NYC,male,20-24,2010,v2020,312965
NYC,male,20-24,2011,v2020,313031
NYC,male,20-24,2012,v2020,315025
NYC,male,20-24,2013,v2020,314088
NYC,male,20-24,2014,v2020,307820
NYC,male,20-24,2015,v2020,299743
NYC,male,20-24,2016,v2020,287886
NYC,male,20-24,2017,v2020,275960
NYC,male,20-24,2018,v2020,265640
NYC,male,20-24,2019,v2020,256164
NYC,male,20-24,2020,v2020,248095
NYC,male,20-24,2020,v2025,297543
NYC,male,20-24,2021,v2025,280422
NYC,male,20-24,2022,v2025,276936
NYC,male,20-24,2023,v2025,277539
NYC,male,20-24,2024,v2025,281836
NYC,male,20-24,2025,v2025,270252
NYC,male,25-29,2010,v2020,348044
NYC,male,25-29,2011,v2020,348938
NYC,male,25-29,2012,v2020,356399
NYC,male,25-29,2013,v2020,362130
NYC,male,25-29,2014,v2020,367927
NYC,male,25-29,2015,v2020,375494
NYC,male,25-29,2016,v2020,381959
NYC,male,25-29,2017,v2020,385407
NYC,male,25-29,2018,v2020,382456
NYC,male,25-29,2019,v2020,376737
NYC,male,25-29,2020,v2020,367753
NYC,male,25-29,2020,v2025,374664
NYC,male,25-29,2021,v2025,344224
NYC,male,25-29,2022,v2025,345036
NYC,male,25-29,2023,v2025,354713
NYC,male,25-29,2024,v2025,368350
NYC,male,25-29,2025,v2025,372152
NYC,male,30-34,2010,v2020,320490
NYC,male,30-34,2011,v2020,322056
NYC,male,30-34,2012,v2020,330087
NYC,male,30-34,2013,v2020,337496
NYC,male,30-34,2014,v2020,343454
NYC,male,30-34,2015,v2020,346193
NYC,male,30-34,2016,v2020,348665
NYC,male,30-34,2017,v2020,352835
NYC,male,30-34,2018,v2020,353758
NYC,male,30-34,2019,v2020,355874
NYC,male,30-34,2020,v2020,359976
NYC,male,30-34,2020,v2025,376220
NYC,male,30-34,2021,v2025,356871
NYC,male,30-34,2022,v2025,353570
NYC,male,30-34,2023,v2025,358873
NYC,male,30-34,2024,v2025,368182
NYC,male,30-34,2025,v2025,365947
Queens,all,15-19,2010,v2020,139081
Queens,all,15-19,2011,v2020,137445
Queens,all,15-19,2012,v2020,131621
Queens,all,15-19,2013,v2020,127531
Queens,all,15-19,2014,v2020,124376
Queens,all,15-19,2015,v2020,121167
Queens,all,15-19,2016,v2020,119358
Queens,all,15-19,2017,v2020,117765
Queens,all,15-19,2018,v2020,115949
Queens,all,15-19,2019,v2020,114345
Queens,all,15-19,2020,v2020,113321
Queens,all,15-19,2020,v2025,131560
Queens,all,15-19,2021,v2025,123372
Queens,all,15-19,2022,v2025,119571
Queens,all,15-19,2023,v2025,120621
Queens,all,15-19,2024,v2025,123709
Queens,all,15-19,2025,v2025,120221
Queens,all,20-24,2010,v2020,160858
Queens,all,20-24,2011,v2020,160968
Queens,all,20-24,2012,v2020,163049
Queens,all,20-24,2013,v2020,162313
Queens,all,20-24,2014,v2020,159020
Queens,all,20-24,2015,v2020,154759
Queens,all,20-24,2016,v2020,147561
Queens,all,20-24,2017,v2020,140679
Queens,all,20-24,2018,v2020,134887
Queens,all,20-24,2019,v2020,129685
Queens,all,20-24,2020,v2020,125400
Queens,all,20-24,2020,v2025,153030
Queens,all,20-24,2021,v2025,149364
Queens,all,20-24,2022,v2025,144998
Queens,all,20-24,2023,v2025,145439
Queens,all,20-24,2024,v2025,148272
Queens,all,20-24,2025,v2025,141328
Queens,all,25-29,2010,v2020,184906
Queens,all,25-29,2011,v2020,184693
Queens,all,25-29,2012,v2020,185645
Queens,all,25-29,2013,v2020,185876
Queens,all,25-29,2014,v2020,187130
Queens,all,25-29,2015,v2020,190515
Queens,all,25-29,2016,v2020,193234
Queens,all,25-29,2017,v2020,194385
Queens,all,25-29,2018,v2020,191993
Queens,all,25-29,2019,v2020,186408
Queens,all,25-29,2020,v2020,180321
Queens,all,25-29,2020,v2025,188680
Queens,all,25-29,2021,v2025,177042
Queens,all,25-29,2022,v2025,174017
Queens,all,25-29,2023,v2025,178894
Queens,all,25-29,2024,v2025,187484
Queens,all,25-29,2025,v2025,187908
Queens,all,30-34,2010,v2020,177187
Queens,all,30-34,2011,v2020,177597
Queens,all,30-34,2012,v2020,180416
Queens,all,30-34,2013,v2020,182047
Queens,all,30-34,2014,v2020,183791
Queens,all,30-34,2015,v2020,183578
Queens,all,30-34,2016,v2020,182729
Queens,all,30-34,2017,v2020,182623
Queens,all,30-34,2018,v2020,181101
Queens,all,30-34,2019,v2020,179591
Queens,all,30-34,2020,v2020,179973
Queens,all,30-34,2020,v2025,196211
Queens,all,30-34,2021,v2025,188047
Queens,all,30-34,2022,v2025,183358
Queens,all,30-34,2023,v2025,186699
Queens,all,30-34,2024,v2025,191993
Queens,all,30-34,2025,v2025,190039
Queens,female,15-19,2010,v2020,67249
Queens,female,15-19,2011,v2020,66498
Queens,female,15-19,2012,v2020,63848
Queens,female,15-19,2013,v2020,62273
Queens,female,15-19,2014,v2020,60951
Queens,female,15-19,2015,v2020,59369
Queens,female,15-19,2016,v2020,58507
Queens,female,15-19,2017,v2020,57535
Queens,female,15-19,2018,v2020,56556
Queens,female,15-19,2019,v2020,55689
Queens,female,15-19,2020,v2020,55128
Queens,female,15-19,2020,v2025,63543
Queens,female,15-19,2021,v2025,59279
Queens,female,15-19,2022,v2025,57320
Queens,female,15-19,2023,v2025,57721
Queens,female,15-19,2024,v2025,59396
Queens,female,15-19,2025,v2025,57788
Queens,female,20-24,2010,v2020,78990
Queens,female,20-24,2011,v2020,79097
Queens,female,20-24,2012,v2020,80745
Queens,female,20-24,2013,v2020,80461
Queens,female,20-24,2014,v2020,79219
Queens,female,20-24,2015,v2020,77565
Queens,female,20-24,2016,v2020,74252
Queens,female,20-24,2017,v2020,71136
Queens,female,20-24,2018,v2020,68484
Queens,female,20-24,2019,v2020,65789
Queens,female,20-24,2020,v2020,63705
Queens,female,20-24,2020,v2025,75826
Queens,female,20-24,2021,v2025,74284
Queens,female,20-24,2022,v2025,72314
Queens,female,20-24,2023,v2025,72808
Queens,female,20-24,2024,v2025,74297
Queens,female,20-24,2025,v2025,70746
Queens,female,25-29,2010,v2020,93119
Queens,female,25-29,2011,v2020,92983
Queens,female,25-29,2012,v2020,93263
Queens,female,25-29,2013,v2020,93438
Queens,female,25-29,2014,v2020,93742
Queens,female,25-29,2015,v2020,95449
Queens,female,25-29,2016,v2020,97131
Queens,female,25-29,2017,v2020,97833
Queens,female,25-29,2018,v2020,96666
Queens,female,25-29,2019,v2020,93720
Queens,female,25-29,2020,v2020,90860
Queens,female,25-29,2020,v2025,94544
Queens,female,25-29,2021,v2025,88442
Queens,female,25-29,2022,v2025,86996
Queens,female,25-29,2023,v2025,89926
Queens,female,25-29,2024,v2025,94727
Queens,female,25-29,2025,v2025,95164
Queens,female,30-34,2010,v2020,88912
Queens,female,30-34,2011,v2020,89141
Queens,female,30-34,2012,v2020,90565
Queens,female,30-34,2013,v2020,91340
Queens,female,30-34,2014,v2020,92321
Queens,female,30-34,2015,v2020,91968
Queens,female,30-34,2016,v2020,91260
Queens,female,30-34,2017,v2020,90962
Queens,female,30-34,2018,v2020,89904
Queens,female,30-34,2019,v2020,88942
Queens,female,30-34,2020,v2020,88654
Queens,female,30-34,2020,v2025,97812
Queens,female,30-34,2021,v2025,93652
Queens,female,30-34,2022,v2025,91062
Queens,female,30-34,2023,v2025,92451
Queens,female,30-34,2024,v2025,95103
Queens,female,30-34,2025,v2025,94568
Queens,male,15-19,2010,v2020,71832
Queens,male,15-19,2011,v2020,70947
Queens,male,15-19,2012,v2020,67773
Queens,male,15-19,2013,v2020,65258
Queens,male,15-19,2014,v2020,63425
Queens,male,15-19,2015,v2020,61798
Queens,male,15-19,2016,v2020,60851
Queens,male,15-19,2017,v2020,60230
Queens,male,15-19,2018,v2020,59393
Queens,male,15-19,2019,v2020,58656
Queens,male,15-19,2020,v2020,58193
Queens,male,15-19,2020,v2025,68017
Queens,male,15-19,2021,v2025,64093
Queens,male,15-19,2022,v2025,62251
Queens,male,15-19,2023,v2025,62900
Queens,male,15-19,2024,v2025,64313
Queens,male,15-19,2025,v2025,62433
Queens,male,20-24,2010,v2020,81868
Queens,male,20-24,2011,v2020,81871
Queens,male,20-24,2012,v2020,82304
Queens,male,20-24,2013,v2020,81852
Queens,male,20-24,2014,v2020,79801
Queens,male,20-24,2015,v2020,77194
Queens,male,20-24,2016,v2020,73309
Queens,male,20-24,2017,v2020,69543
Queens,male,20-24,2018,v2020,66403
Queens,male,20-24,2019,v2020,63896
Queens,male,20-24,2020,v2020,61695
Queens,male,20-24,2020,v2025,77204
Queens,male,20-24,2021,v2025,75080
Queens,male,20-24,2022,v2025,72684
Queens,male,20-24,2023,v2025,72631
Queens,male,20-24,2024,v2025,73975
Queens,male,20-24,2025,v2025,70582
Queens,male,25-29,2010,v2020,91787
Queens,male,25-29,2011,v2020,91710
Queens,male,25-29,2012,v2020,92382
Queens,male,25-29,2013,v2020,92438
Queens,male,25-29,2014,v2020,93388
Queens,male,25-29,2015,v2020,95066
Queens,male,25-29,2016,v2020,96103
Queens,male,25-29,2017,v2020,96552
Queens,male,25-29,2018,v2020,95327
Queens,male,25-29,2019,v2020,92688
Queens,male,25-29,2020,v2020,89461
Queens,male,25-29,2020,v2025,94136
Queens,male,25-29,2021,v2025,88600
Queens,male,25-29,2022,v2025,87021
Queens,male,25-29,2023,v2025,88968
Queens,male,25-29,2024,v2025,92757
Queens,male,25-29,2025,v2025,92744
Queens,male,30-34,2010,v2020,88275
Queens,male,30-34,2011,v2020,88456
Queens,male,30-34,2012,v2020,89851
Queens,male,30-34,2013,v2020,90707
Queens,male,30-34,2014,v2020,91470
Queens,male,30-34,2015,v2020,91610
Queens,male,30-34,2016,v2020,91469
Queens,male,30-34,2017,v2020,91661
Queens,male,30-34,2018,v2020,91197
Queens,male,30-34,2019,v2020,90649
Queens,male,30-34,2020,v2020,91319
Queens,male,30-34,2020,v2025,98399
Queens,male,30-34,2021,v2025,94395
Queens,male,30-34,2022,v2025,92296
Queens,male,30-34,2023,v2025,94248
Queens,male,30-34,2024,v2025,96890
Queens,male,30-34,2025,v2025,95471
Staten Island,all,15-19,2010,v2020,32929
Staten Island,all,15-19,2011,v2020,32649
Staten Island,all,15-19,2012,v2020,31483
Staten Island,all,15-19,2013,v2020,30763
Staten Island,all,15-19,2014,v2020,30157
Staten Island,all,15-19,2015,v2020,29612
Staten Island,all,15-19,2016,v2020,29488
Staten Island,all,15-19,2017,v2020,29336
Staten Island,all,15-19,2018,v2020,29209
Staten Island,all,15-19,2019,v2020,29180
Staten Island,all,15-19,2020,v2020,29216
Staten Island,all,15-19,2020,v2025,32128
Staten Island,all,15-19,2021,v2025,31273
Staten Island,all,15-19,2022,v2025,30997
Staten Island,all,15-19,2023,v2025,31106
Staten Island,all,15-19,2024,v2025,31157
Staten Island,all,15-19,2025,v2025,30880
Staten Island,all,20-24,2010,v2020,31458
Staten Island,all,20-24,2011,v2020,31727
Staten Island,all,20-24,2012,v2020,32591
Staten Island,all,20-24,2013,v2020,32703
Staten Island,all,20-24,2014,v2020,32540
Staten Island,all,20-24,2015,v2020,31923
Staten Island,all,20-24,2016,v2020,30714
Staten Island,all,20-24,2017,v2020,29711
Staten Island,all,20-24,2018,v2020,29272
Staten Island,all,20-24,2019,v2020,28667
Staten Island,all,20-24,2020,v2020,28273
Staten Island,all,20-24,2020,v2025,31828
Staten Island,all,20-24,2021,v2025,32334
Staten Island,all,20-24,2022,v2025,31761
Staten Island,all,20-24,2023,v2025,31495
Staten Island,all,20-24,2024,v2025,31112
Staten Island,all,20-24,2025,v2025,30074
Staten Island,all,25-29,2010,v2020,29988
Staten Island,all,25-29,2011,v2020,30144
Staten Island,all,25-29,2012,v2020,30505
Staten Island,all,25-29,2013,v2020,30406
Staten Island,all,25-29,2014,v2020,30903
Staten Island,all,25-29,2015,v2020,31812
Staten Island,all,25-29,2016,v2020,32720
Staten Island,all,25-29,2017,v2020,33693
Staten Island,all,25-29,2018,v2020,33896
Staten Island,all,25-29,2019,v2020,33802
Staten Island,all,25-29,2020,v2020,33066
Staten Island,all,25-29,2020,v2025,31856
Staten Island,all,25-29,2021,v2025,31647
Staten Island,all,25-29,2022,v2025,31551
Staten Island,all,25-29,2023,v2025,31975
Staten Island,all,25-29,2024,v2025,32982
Staten Island,all,25-29,2025,v2025,33987
Staten Island,all,30-34,2010,v2020,29859
Staten Island,all,30-34,2011,v2020,29872
Staten Island,all,30-34,2012,v2020,29678
Staten Island,all,30-34,2013,v2020,29456
Staten Island,all,30-34,2014,v2020,29658
Staten Island,all,30-34,2015,v2020,29547
Staten Island,all,30-34,2016,v2020,29457
Staten Island,all,30-34,2017,v2020,30037
Staten Island,all,30-34,2018,v2020,30472
Staten Island,all,30-34,2019,v2020,31078
Staten Island,all,30-34,2020,v2020,31702
Staten Island,all,30-34,2020,v2025,32554
Staten Island,all,30-34,2021,v2025,32844
Staten Island,all,30-34,2022,v2025,32704
Staten Island,all,30-34,2023,v2025,32641
Staten Island,all,30-34,2024,v2025,32424
Staten Island,all,30-34,2025,v2025,32180
Staten Island,female,15-19,2010,v2020,16044
Staten Island,female,15-19,2011,v2020,15887
Staten Island,female,15-19,2012,v2020,15307
Staten Island,female,15-19,2013,v2020,14986
Staten Island,female,15-19,2014,v2020,14700
Staten Island,female,15-19,2015,v2020,14383
Staten Island,female,15-19,2016,v2020,14283
Staten Island,female,15-19,2017,v2020,14174
Staten Island,female,15-19,2018,v2020,14133
Staten Island,female,15-19,2019,v2020,14173
Staten Island,female,15-19,2020,v2020,14264
Staten Island,female,15-19,2020,v2025,15708
Staten Island,female,15-19,2021,v2025,15219
Staten Island,female,15-19,2022,v2025,15030
Staten Island,female,15-19,2023,v2025,15101
Staten Island,female,15-19,2024,v2025,15105
Staten Island,female,15-19,2025,v2025,14959
Staten Island,female,20-24,2010,v2020,15380
Staten Island,female,20-24,2011,v2020,15518
Staten Island,female,20-24,2012,v2020,16071
Staten Island,female,20-24,2013,v2020,16188
Staten Island,female,20-24,2014,v2020,16139
Staten Island,female,20-24,2015,v2020,15927
Staten Island,female,20-24,2016,v2020,15275
Staten Island,female,20-24,2017,v2020,14798
Staten Island,female,20-24,2018,v2020,14490
Staten Island,female,20-24,2019,v2020,14157
Staten Island,female,20-24,2020,v2020,13933
Staten Island,female,20-24,2020,v2025,15281
Staten Island,female,20-24,2021,v2025,15545
Staten Island,female,20-24,2022,v2025,15338
Staten Island,female,20-24,2023,v2025,15222
Staten Island,female,20-24,2024,v2025,15158
Staten Island,female,20-24,2025,v2025,14782
Staten Island,female,25-29,2010,v2020,14738
Staten Island,female,25-29,2011,v2020,14816
Staten Island,female,25-29,2012,v2020,15067
Staten Island,female,25-29,2013,v2020,14961
Staten Island,female,25-29,2014,v2020,15222
Staten Island,female,25-29,2015,v2020,15685
Staten Island,female,25-29,2016,v2020,16103
Staten Island,female,25-29,2017,v2020,16610
Staten Island,female,25-29,2018,v2020,16804
Staten Island,female,25-29,2019,v2020,16788
Staten Island,female,25-29,2020,v2020,16316
Staten Island,female,25-29,2020,v2025,15608
Staten Island,female,25-29,2021,v2025,15450
Staten Island,female,25-29,2022,v2025,15302
Staten Island,female,25-29,2023,v2025,15559
Staten Island,female,25-29,2024,v2025,16000
Staten Island,female,25-29,2025,v2025,16511
Staten Island,female,30-34,2010,v2020,15332
Staten Island,female,30-34,2011,v2020,15304
Staten Island,female,30-34,2012,v2020,15137
Staten Island,female,30-34,2013,v2020,15046
Staten Island,female,30-34,2014,v2020,15034
Staten Island,female,30-34,2015,v2020,14838
Staten Island,female,30-34,2016,v2020,14739
Staten Island,female,30-34,2017,v2020,15000
Staten Island,female,30-34,2018,v2020,15199
Staten Island,female,30-34,2019,v2020,15403
Staten Island,female,30-34,2020,v2020,15778
Staten Island,female,30-34,2020,v2025,16561
Staten Island,female,30-34,2021,v2025,16672
Staten Island,female,30-34,2022,v2025,16530
Staten Island,female,30-34,2023,v2025,16468
Staten Island,female,30-34,2024,v2025,16377
Staten Island,female,30-34,2025,v2025,16106
Staten Island,male,15-19,2010,v2020,16885
Staten Island,male,15-19,2011,v2020,16762
Staten Island,male,15-19,2012,v2020,16176
Staten Island,male,15-19,2013,v2020,15777
Staten Island,male,15-19,2014,v2020,15457
Staten Island,male,15-19,2015,v2020,15229
Staten Island,male,15-19,2016,v2020,15205
Staten Island,male,15-19,2017,v2020,15162
Staten Island,male,15-19,2018,v2020,15076
Staten Island,male,15-19,2019,v2020,15007
Staten Island,male,15-19,2020,v2020,14952
Staten Island,male,15-19,2020,v2025,16420
Staten Island,male,15-19,2021,v2025,16054
Staten Island,male,15-19,2022,v2025,15967
Staten Island,male,15-19,2023,v2025,16005
Staten Island,male,15-19,2024,v2025,16052
Staten Island,male,15-19,2025,v2025,15921
Staten Island,male,20-24,2010,v2020,16078
Staten Island,male,20-24,2011,v2020,16209
Staten Island,male,20-24,2012,v2020,16520
Staten Island,male,20-24,2013,v2020,16515
Staten Island,male,20-24,2014,v2020,16401
Staten Island,male,20-24,2015,v2020,15996
Staten Island,male,20-24,2016,v2020,15439
Staten Island,male,20-24,2017,v2020,14913
Staten Island,male,20-24,2018,v2020,14782
Staten Island,male,20-24,2019,v2020,14510
Staten Island,male,20-24,2020,v2020,14340
Staten Island,male,20-24,2020,v2025,16547
Staten Island,male,20-24,2021,v2025,16789
Staten Island,male,20-24,2022,v2025,16423
Staten Island,male,20-24,2023,v2025,16273
Staten Island,male,20-24,2024,v2025,15954
Staten Island,male,20-24,2025,v2025,15292
Staten Island,male,25-29,2010,v2020,15250
Staten Island,male,25-29,2011,v2020,15328
Staten Island,male,25-29,2012,v2020,15438
Staten Island,male,25-29,2013,v2020,15445
Staten Island,male,25-29,2014,v2020,15681
Staten Island,male,25-29,2015,v2020,16127
Staten Island,male,25-29,2016,v2020,16617
Staten Island,male,25-29,2017,v2020,17083
Staten Island,male,25-29,2018,v2020,17092
Staten Island,male,25-29,2019,v2020,17014
Staten Island,male,25-29,2020,v2020,16750
Staten Island,male,25-29,2020,v2025,16248
Staten Island,male,25-29,2021,v2025,16197
Staten Island,male,25-29,2022,v2025,16249
Staten Island,male,25-29,2023,v2025,16416
Staten Island,male,25-29,2024,v2025,16982
Staten Island,male,25-29,2025,v2025,17476
Staten Island,male,30-34,2010,v2020,14527
Staten Island,male,30-34,2011,v2020,14568
Staten Island,male,30-34,2012,v2020,14541
Staten Island,male,30-34,2013,v2020,14410
Staten Island,male,30-34,2014,v2020,14624
Staten Island,male,30-34,2015,v2020,14709
Staten Island,male,30-34,2016,v2020,14718
Staten Island,male,30-34,2017,v2020,15037
Staten Island,male,30-34,2018,v2020,15273
Staten Island,male,30-34,2019,v2020,15675
Staten Island,male,30-34,2020,v2020,15924
Staten Island,male,30-34,2020,v2025,15993
Staten Island,male,30-34,2021,v2025,16172
Staten Island,male,30-34,2022,v2025,16174
Staten Island,male,30-34,2023,v2025,16173
Staten Island,male,30-34,2024,v2025,16047
Staten Island,male,30-34,2025,v2025,16074
