period,cd,borough,neighborhood,inmovers_per_year,moe,sample,low_income_share,low_income_share_moe
2011-13,Bronx CD 1-2,Bronx,"Melrose, Mott Haven, Longwood, & Hunts Point",691.6666666666666,362.49509626472496,20,0.9768674698795181,0.04090304233092332
2011-13,Bronx CD 10,Bronx,Co-op City & Throgs Neck,1086.0,690.4085882013796,20,0.9269490484960098,0.09593282299326722
2011-13,Bronx CD 11,Bronx,Pelham Parkway & Morris Park,676.0,293.4553774066662,24,0.7371794871794872,0.18225857568223558
2011-13,Bronx CD 12,Bronx,"Wakefield, Williamsbridge, & Eastchester",684.6666666666666,268.47247797751805,29,0.810126582278481,0.1005708952517388
2011-13,Bronx CD 3-6,Bronx,"Morrisania, Tremont, Belmont, & West Farms",1361.6666666666667,463.2411874779403,42,1.0,0.0
2011-13,Bronx CD 4,Bronx,Highbridge & Concourse,586.3333333333334,335.2031676432303,11,0.9596361569073337,0.07610064045059636
2011-13,Bronx CD 5,Bronx,Morris Heights & Mount Hope,858.3333333333334,441.64425796580525,18,0.9541747572815534,0.06089440081073214
2011-13,Bronx CD 7,Bronx,"Fordham, Bedford Park, & Norwood",999.6666666666666,441.21523348761184,18,0.8309436478826275,0.15247837376082668
2011-13,Bronx CD 8,Bronx,"Riverdale, Kingsbridge, & Marble Hill",937.0,382.10713675980696,30,0.7797936677339026,0.19298549853690977
2011-13,Bronx CD 9,Bronx,Soundview & Parkchester,341.0,194.11375620188684,10,1.0,0.0
2011-13,Brooklyn CD 1,Brooklyn,Williamsburg & Greenpoint,2831.3333333333335,791.4457260987642,77,0.7261596421003061,0.10759363260260706
2011-13,Brooklyn CD 10,Brooklyn,Bay Ridge & Dyker Heights,1175.3333333333333,456.2497281656724,38,0.7986386840612593,0.10262187561652585
2011-13,Brooklyn CD 11,Brooklyn,Bensonhurst & Bath Beach,930.3333333333334,450.07290520336204,25,0.9007524184879971,0.08604109909000776
2011-13,Brooklyn CD 12,Brooklyn,Borough Park & Kensington,647.0,314.59816825131605,21,0.8979907264296755,0.09592269704652542
2011-13,Brooklyn CD 13,Brooklyn,Coney Island & Brighton Beach,291.0,220.31846369706133,7,1.0,0.0
2011-13,Brooklyn CD 14,Brooklyn,Flatbush & Midwood,998.6666666666666,383.99026167031747,27,0.7166221628838452,0.20937218630951324
2011-13,Brooklyn CD 15,Brooklyn,Sheepshead Bay & Gravesend (East),407.6666666666667,202.1555232677032,12,0.8438266557645135,0.13681282342341886
2011-13,Brooklyn CD 16,Brooklyn,Ocean Hill & Brownsville,317.0,202.69102913191685,8,0.9579390115667719,0.07688348931512422
2011-13,Brooklyn CD 17,Brooklyn,East Flatbush,383.6666666666667,223.35956350971412,12,1.0,0.0
2011-13,Brooklyn CD 18,Brooklyn,Canarsie & Flatlands,647.3333333333334,301.4922962596041,23,0.8928939237899073,0.09139721693776595
2011-13,Brooklyn CD 2,Brooklyn,Downtown Brooklyn & Fort Greene,3458.0,820.6842919800389,119,0.7273954116059379,0.08616421628182042
2011-13,Brooklyn CD 3,Brooklyn,Bedford-Stuyvesant,1721.3333333333333,550.9278715286451,51,0.7716886134779241,0.11334270900847583
2011-13,Brooklyn CD 4,Brooklyn,Bushwick,2442.3333333333335,590.8130599506027,66,0.844138119284837,0.09913166788855383
2011-13,Brooklyn CD 5,Brooklyn,East New York & Cypress Hills,607.3333333333334,384.49163049047274,13,0.6350164654226125,0.38223986107539526
2011-13,Brooklyn CD 6,Brooklyn,Park Slope & Carroll Gardens,2884.6666666666665,763.5843883905368,69,0.6306910099376011,0.11039149401327039
2011-13,Brooklyn CD 7,Brooklyn,Sunset Park & Windsor Terrace,2265.3333333333335,716.9067569656848,59,0.8231312536786345,0.1214074181027717
2011-13,Brooklyn CD 8,Brooklyn,Crown Heights (North),1203.3333333333333,444.19868730060807,38,0.72797783933518,0.12014820158955523
2011-13,Brooklyn CD 9,Brooklyn,Crown Heights (South),690.0,319.87750063566006,21,0.8502415458937198,0.1254756978060217
2011-13,Manhattan CD 1-2,Manhattan,Financial District & Greenwich Village,7876.333333333333,1424.499182403874,173,0.5114054763214694,0.09010029984936925
2011-13,Manhattan CD 10,Manhattan,Harlem,1470.6666666666667,533.2166982552163,45,0.6591115140525838,0.15179990314663178
2011-13,Manhattan CD 11,Manhattan,East Harlem,1782.0,728.1560390459093,45,0.6823793490460157,0.22115332642902774
2011-13,Manhattan CD 12,Manhattan,Washington Heights & Inwood,3929.3333333333335,1093.286355681804,76,0.6841703427214116,0.13258461200855137
2011-13,Manhattan CD 3,Manhattan,Lower East Side & Chinatown,4996.666666666667,1473.0560197801562,91,0.6540360240160107,0.13831964713017303
2011-13,Manhattan CD 4-5-6,Manhattan,"Chelsea, Hell's Kitchen & Midtown",14472.0,1887.749150425948,270,0.5883084577114428,0.06289181991809298
2011-13,Manhattan CD 7,Manhattan,Upper West Side,5244.0,1338.7925474691322,70,0.5825069921179761,0.11916892556679448
2011-13,Manhattan CD 8,Manhattan,Upper East Side & Roosevelt Island,6718.333333333333,1572.9945112376427,97,0.5336144877201687,0.09118773199750002
2011-13,Manhattan CD 9,Manhattan,Morningside Heights & Hamilton Heights,6431.0,1432.51512435864,197,0.8643031151194733,0.05692008579706229
2011-13,Queens CD 1,Queens,Astoria & Queensbridge,4240.666666666667,755.2047116161433,144,0.7347901273384688,0.06942268956416045
2011-13,Queens CD 10,Queens,South Ozone Park & Howard Beach,490.0,306.3807777214854,15,0.926530612244898,0.11819814294641993
2011-13,Queens CD 11,Queens,"Auburndale, Bayside, & Douglaston",736.6666666666666,265.6428266836359,30,0.7479638009049774,0.12982316908582392
2011-13,Queens CD 12,Queens,"Jamaica, St. Albans, & Hollis",1234.6666666666667,459.3496368850081,44,0.8968682505399568,0.09707650044342112
2011-13,Queens CD 13,Queens,"Queens Village, Bellerose, & Rosedale",1060.0,372.2748032972417,33,0.8446540880503145,0.1254913212510305
2011-13,Queens CD 14,Queens,The Rockaways,724.0,369.29708583014695,19,0.68646408839779,0.20917124850604105
2011-13,Queens CD 2,Queens,"Long Island City, Sunnyside, & Woodside",2217.3333333333335,768.3446947384864,52,0.5696031268791341,0.17432006226496566
2011-13,Queens CD 3,Queens,Jackson Heights & East Elmhurst,1441.0,590.0401084466162,31,0.8251214434420542,0.1569648362051731
2011-13,Queens CD 4,Queens,Elmhurst & Corona,935.0,411.2476238820245,18,1.0,0.0
2011-13,Queens CD 5,Queens,"Ridgewood, Maspeth, & Middle Village",749.3333333333334,372.31219582570156,24,0.9684163701067615,0.05722081575078116
2011-13,Queens CD 6,Queens,Forest Hills & Rego Park,1389.0,571.9548272304573,31,0.5713942884569234,0.201835045721078
2011-13,Queens CD 7,Queens,"Flushing, Murray Hill, & Whitestone",1695.3333333333333,645.9759169243463,41,0.8415257569799449,0.12218556843641959
2011-13,Queens CD 8,Queens,"Fresh Meadows, Hillcrest, & Briarwood",2259.6666666666665,723.1028863271963,71,0.8530756748783006,0.08937902371583749
2011-13,Queens CD 9,Queens,"Kew Gardens, Richmond Hill, & Woodhaven",1058.6666666666667,350.51766039772446,39,0.8290302267002518,0.10345957129606531
2011-13,Staten Island CD 1,Staten Island,North Shore,892.3333333333334,397.9370641721432,24,0.942099364960777,0.08129964751040056
2011-13,Staten Island CD 2,Staten Island,Mid-Island,313.6666666666667,233.06924297626185,9,0.8756641870350691,0.19604846586178581
2011-13,Staten Island CD 3,Staten Island,South Shore,505.3333333333333,274.4196606051882,14,0.83311345646438,0.18985354019817505
2017-19,Bronx CD 1-2,Bronx,"Melrose, Mott Haven, Longwood, & Hunts Point",582.6666666666666,255.57489617445478,22,0.9176201372997712,0.12855690739664039
2017-19,Bronx CD 10,Bronx,Co-op City & Throgs Neck,347.6666666666667,344.10806764413104,6,1.0,0.0
2017-19,Bronx CD 11,Bronx,Pelham Parkway & Morris Park,881.0,403.81708552590845,23,0.5724555429436247,0.22656548036997293
2017-19,Bronx CD 12,Bronx,"Wakefield, Williamsbridge, & Eastchester",708.6666666666666,285.54244448310817,24,0.6966133584195673,0.1926103307659949
2017-19,Bronx CD 3-6,Bronx,"Morrisania, Tremont, Belmont, & West Farms",1161.0,602.3410967908419,30,0.6732701693942004,0.3059122974058015
2017-19,Bronx CD 4,Bronx,Highbridge & Concourse,488.0,280.2043960531312,11,0.8866120218579235,0.1867958251344305
2017-19,Bronx CD 5,Bronx,Morris Heights & Mount Hope,778.3333333333334,396.4856868241134,17,1.0,0.0
2017-19,Bronx CD 7,Bronx,"Fordham, Bedford Park, & Norwood",442.6666666666667,398.60752139061134,11,0.8064759036144579,0.1538927729853688
2017-19,Bronx CD 8,Bronx,"Riverdale, Kingsbridge, & Marble Hill",866.6666666666666,335.28570176687464,26,0.79,0.15190526974037813
2017-19,Bronx CD 9,Bronx,Soundview & Parkchester,873.3333333333334,404.0974671067407,21,0.8461832061068703,0.11903502698952251
2017-19,Brooklyn CD 1,Brooklyn,Williamsburg & Greenpoint,3889.6666666666665,865.5062584085944,101,0.41631673665266944,0.09201139316543015
2017-19,Brooklyn CD 10,Brooklyn,Bay Ridge & Dyker Heights,833.0,305.55559503754796,34,0.9103641456582633,0.0831443210895477
2017-19,Brooklyn CD 11,Brooklyn,Bensonhurst & Bath Beach,1083.3333333333333,515.9744701056762,30,0.856,0.1140753246152292
2017-19,Brooklyn CD 12,Brooklyn,Borough Park & Kensington,655.6666666666666,242.0868379465196,29,0.8073207930859176,0.14071578388831207
2017-19,Brooklyn CD 13,Brooklyn,Coney Island & Brighton Beach,338.3333333333333,210.13522007434747,12,0.8206896551724138,0.21715907461700296
2017-19,Brooklyn CD 14,Brooklyn,Flatbush & Midwood,954.0,371.12247554659535,31,0.8127183787561146,0.1539417386060275
2017-19,Brooklyn CD 15,Brooklyn,Sheepshead Bay & Gravesend (East),989.0,459.15948212588523,27,0.6693629929221436,0.23794009015167902
2017-19,Brooklyn CD 16,Brooklyn,Ocean Hill & Brownsville,306.3333333333333,220.7987934825128,10,0.8520130576713819,0.18366618310334348
2017-19,Brooklyn CD 17,Brooklyn,East Flatbush,625.3333333333334,360.7861870925847,18,0.7787846481876333,0.19871109029659093
2017-19,Brooklyn CD 18,Brooklyn,Canarsie & Flatlands,162.66666666666666,119.17877099189643,10,0.8709016393442623,0.1862036438668422
2017-19,Brooklyn CD 2,Brooklyn,Downtown Brooklyn & Fort Greene,3876.6666666666665,718.438995277164,126,0.624591573516767,0.10157981680871479
2017-19,Brooklyn CD 3,Brooklyn,Bedford-Stuyvesant,1833.6666666666667,542.4639662342918,60,0.7833121250681694,0.09646658087650416
2017-19,Brooklyn CD 4,Brooklyn,Bushwick,2620.3333333333335,607.3532799771709,93,0.6401221218674469,0.09335451088949845
2017-19,Brooklyn CD 5,Brooklyn,East New York & Cypress Hills,222.0,148.65285315963501,9,0.9174174174174174,0.1404578001840603
2017-19,Brooklyn CD 6,Brooklyn,Park Slope & Carroll Gardens,1497.6666666666667,496.5034192263657,43,0.44068551079456936,0.16835304026339262
2017-19,Brooklyn CD 7,Brooklyn,Sunset Park & Windsor Terrace,1244.3333333333333,471.27690142889105,42,0.8336458612376105,0.09856666356033915
2017-19,Brooklyn CD 8,Brooklyn,Crown Heights (North),2043.3333333333333,560.2765247927929,69,0.5911908646003262,0.11896504054915462
2017-19,Brooklyn CD 9,Brooklyn,Crown Heights (South),1120.6666666666667,445.9575481636864,38,0.6802498512790006,0.13769030416629974
2017-19,Manhattan CD 1-2,Manhattan,Financial District & Greenwich Village,7004.666666666667,1294.8830018203168,195,0.5246026458551442,0.09026352326225516
2017-19,Manhattan CD 10,Manhattan,Harlem,1763.3333333333333,665.0892526990896,44,0.7039697542533081,0.14876358100449902
2017-19,Manhattan CD 11,Manhattan,East Harlem,2512.3333333333335,694.4688208818906,70,0.6157622396178851,0.1263725252397497
2017-19,Manhattan CD 12,Manhattan,Washington Heights & Inwood,3400.3333333333335,834.7155431992819,87,0.8467797274776983,0.07190148639854334
2017-19,Manhattan CD 3,Manhattan,Lower East Side & Chinatown,4549.333333333333,1171.0657577164961,118,0.599428487690504,0.1374245552994369
2017-19,Manhattan CD 4-5-6,Manhattan,"Chelsea, Hell's Kitchen & Midtown",13323.0,1773.0580861832252,299,0.5231554454702394,0.07254391510667038
2017-19,Manhattan CD 7,Manhattan,Upper West Side,3054.6666666666665,791.0161811957277,60,0.47828459188127453,0.11745050511020676
2017-19,Manhattan CD 8,Manhattan,Upper East Side & Roosevelt Island,4875.666666666667,1281.1043131439267,89,0.5085116565256034,0.10039944099514872
2017-19,Manhattan CD 9,Manhattan,Morningside Heights & Hamilton Heights,6173.666666666667,1181.8481737296274,163,0.7365692997138383,0.07504281749526641
2017-19,Queens CD 1,Queens,Astoria & Queensbridge,3048.6666666666665,585.0825741329405,123,0.4664334135141045,0.08352191140702518
2017-19,Queens CD 10,Queens,South Ozone Park & Howard Beach,386.0,210.924062759497,13,0.7331606217616581,0.23569999054551602
2017-19,Queens CD 11,Queens,"Auburndale, Bayside, & Douglaston",327.0,167.86331908439016,15,0.8481141692150866,0.17705664979256666
2017-19,Queens CD 12,Queens,"Jamaica, St. Albans, & Hollis",858.6666666666666,322.02419703619415,29,0.9289596273291926,0.08035933775086897
2017-19,Queens CD 13,Queens,"Queens Village, Bellerose, & Rosedale",990.0,404.25370638031535,26,0.7488215488215488,0.20154685012485143
2017-19,Queens CD 14,Queens,The Rockaways,500.6666666666667,242.22887993761879,15,0.8049267643142477,0.19965815810419713
2017-19,Queens CD 2,Queens,"Long Island City, Sunnyside, & Woodside",1949.6666666666667,511.7016435383623,52,0.5941186527611557,0.11640255583343853
2017-19,Queens CD 3,Queens,Jackson Heights & East Elmhurst,493.3333333333333,230.78482994327086,14,0.9493243243243243,0.08285273428115913
2017-19,Queens CD 4,Queens,Elmhurst & Corona,1065.0,598.4814554891776,17,0.9712050078247262,0.04984673559242999
2017-19,Queens CD 5,Queens,"Ridgewood, Maspeth, & Middle Village",1170.3333333333333,402.19227702299855,46,0.7015095414411848,0.13768799460538067
2017-19,Queens CD 6,Queens,Forest Hills & Rego Park,780.0,519.3525496669441,17,0.4756410256410256,0.2210586987471175
2017-19,Queens CD 7,Queens,"Flushing, Murray Hill, & Whitestone",904.0,369.3042097213579,27,0.9229351032448377,0.06476809950767011
2017-19,Queens CD 8,Queens,"Fresh Meadows, Hillcrest, & Briarwood",1998.0,834.920169086958,41,0.8575241908575242,0.1422040440062076
2017-19,Queens CD 9,Queens,"Kew Gardens, Richmond Hill, & Woodhaven",1012.0,314.4865197188285,33,0.7308959156785244,0.15999081891230302
2017-19,Staten Island CD 1,Staten Island,North Shore,431.0,229.10830635767738,13,0.9017788089713844,0.11972488100345773
2017-19,Staten Island CD 2,Staten Island,Mid-Island,616.0,380.9154294530699,13,0.9518398268398268,0.10010908685459069
2017-19,Staten Island CD 3,Staten Island,South Shore,397.3333333333333,252.69262115650398,9,0.6426174496644296,0.3481837494399294
2022-24,Bronx CD 1-2,Bronx,"Melrose, Mott Haven, Longwood, & Hunts Point",842.6666666666666,613.0060980377991,23,0.978243670886076,0.052064551707171405
2022-24,Bronx CD 10,Bronx,Co-op City & Throgs Neck,800.3333333333334,367.1455293168652,21,0.8950437317784257,0.10811315617233312
2022-24,Bronx CD 11,Bronx,Pelham Parkway & Morris Park,402.0,206.0487540284257,17,0.7354892205638475,0.22777994928182757
2022-24,Bronx CD 12,Bronx,"Wakefield, Williamsbridge, & Eastchester",497.6666666666667,306.0431269393344,14,0.853985264567984,0.1468983819692043
2022-24,Bronx CD 3-6,Bronx,"Morrisania, Tremont, Belmont, & West Farms",2450.0,944.5383234752691,55,0.9142857142857143,0.09030114122789916
2022-24,Bronx CD 4,Bronx,Highbridge & Concourse,724.0,392.26043602079244,15,0.8729281767955801,0.14358369551187034
2022-24,Bronx CD 5,Bronx,Morris Heights & Mount Hope,885.3333333333334,513.4278840130163,23,0.9623493975903614,0.07627654132692711
2022-24,Bronx CD 7,Bronx,"Fordham, Bedford Park, & Norwood",518.6666666666666,273.229801217207,15,0.6368894601542416,0.30371994555078874
2022-24,Bronx CD 8,Bronx,"Riverdale, Kingsbridge, & Marble Hill",477.6666666666667,225.61631273488035,18,0.9351011863224006,0.08757595605929917
2022-24,Bronx CD 9,Bronx,Soundview & Parkchester,1133.6666666666667,511.52217756092136,22,0.7209644222287562,0.25800284989899297
2022-24,Brooklyn CD 1,Brooklyn,Williamsburg & Greenpoint,4069.6666666666665,950.8920013899377,99,0.3545744942255713,0.0790158094299516
2022-24,Brooklyn CD 10,Brooklyn,Bay Ridge & Dyker Heights,1412.3333333333333,577.0431627465141,49,0.6039650696247345,0.17541011826693204
2022-24,Brooklyn CD 11,Brooklyn,Bensonhurst & Bath Beach,1174.6666666666667,451.7733108160491,30,0.8416572077185017,0.10790486501235542
2022-24,Brooklyn CD 12,Brooklyn,Borough Park & Kensington,1186.0,442.02314538271384,36,0.7136031478358629,0.1309575588204233
2022-24,Brooklyn CD 13,Brooklyn,Coney Island & Brighton Beach,445.6666666666667,360.0850349948221,12,0.8496634255796559,0.14805545630815395
2022-24,Brooklyn CD 14,Brooklyn,Flatbush & Midwood,1553.3333333333333,519.6657149729366,44,0.7965665236051502,0.141593443894655
2022-24,Brooklyn CD 15,Brooklyn,Sheepshead Bay & Gravesend (East),679.0,381.30297283277383,20,0.9018163966617575,0.1340751726045939
2022-24,Brooklyn CD 16,Brooklyn,Ocean Hill & Brownsville,2019.3333333333333,1121.613306788485,26,0.91564872895345,0.1039819315285792
2022-24,Brooklyn CD 17,Brooklyn,East Flatbush,674.6666666666666,272.2811544321217,24,0.8265810276679841,0.12263138032481409
2022-24,Brooklyn CD 18,Brooklyn,Canarsie & Flatlands,149.0,105.05263882864206,9,1.0,0.0
2022-24,Brooklyn CD 2,Brooklyn,Downtown Brooklyn & Fort Greene,4652.333333333333,863.2525317170939,131,0.5966181844235867,0.09226746369521066
2022-24,Brooklyn CD 3,Brooklyn,Bedford-Stuyvesant,3347.0,850.3409884333004,82,0.5667762175082163,0.12095032421045898
2022-24,Brooklyn CD 4,Brooklyn,Bushwick,3768.0,835.1023597095749,90,0.5421089879688605,0.10583209654490815
2022-24,Brooklyn CD 5,Brooklyn,East New York & Cypress Hills,371.6666666666667,245.15556534717794,9,0.7434977578475336,0.346081315812795
2022-24,Brooklyn CD 6,Brooklyn,Park Slope & Carroll Gardens,2425.6666666666665,854.9917721140006,71,0.5199945032293527,0.1769971594184063
2022-24,Brooklyn CD 7,Brooklyn,Sunset Park & Windsor Terrace,1047.0,401.03032263713493,40,0.7574021012416428,0.14442351092519096
2022-24,Brooklyn CD 8,Brooklyn,Crown Heights (North),2298.6666666666665,671.2601395201499,62,0.5245069605568445,0.10899787935812262
2022-24,Brooklyn CD 9,Brooklyn,Crown Heights (South),1476.6666666666667,544.8236661214088,37,0.7455981941309255,0.12464976458089345
2022-24,Manhattan CD 1-2,Manhattan,Financial District & Greenwich Village,7090.666666666667,1197.984995901799,194,0.47348627303497554,0.0882492757812223
2022-24,Manhattan CD 10,Manhattan,Harlem,2723.3333333333335,878.2867610535551,58,0.6815177478580171,0.1289304391826211
2022-24,Manhattan CD 11,Manhattan,East Harlem,1914.6666666666667,524.4033787554566,63,0.7228412256267409,0.15196872441990847
2022-24,Manhattan CD 12,Manhattan,Washington Heights & Inwood,2956.3333333333335,767.8236599885382,83,0.6732438831886346,0.11316679319519353
2022-24,Manhattan CD 3,Manhattan,Lower East Side & Chinatown,6011.0,1027.1752208315856,179,0.5946875173293407,0.0791287575609348
2022-24,Manhattan CD 4-5-6,Manhattan,"Chelsea, Hell's Kitchen & Midtown",16892.666666666668,2303.143015906591,395,0.44034886933185996,0.06095693500198223
2022-24,Manhattan CD 7,Manhattan,Upper West Side,6469.333333333333,1324.3782122719683,118,0.5166426215993405,0.09360900169524843
2022-24,Manhattan CD 8,Manhattan,Upper East Side & Roosevelt Island,5752.666666666667,1095.7735546427034,151,0.49107660215552207,0.0947356494170372
2022-24,Manhattan CD 9,Manhattan,Morningside Heights & Hamilton Heights,4709.0,854.9366734514447,177,0.7865788914843916,0.059788095542564514
2022-24,Queens CD 1,Queens,Astoria & Queensbridge,3676.0,657.9569430009798,118,0.5919477693144722,0.1005654370947081
2022-24,Queens CD 10,Queens,South Ozone Park & Howard Beach,805.3333333333334,358.93612680895075,24,0.9002483443708609,0.1203152979709448
2022-24,Queens CD 11,Queens,"Auburndale, Bayside, & Douglaston",797.6666666666666,485.6776101522433,17,0.58629335562056,0.1466374025167628
2022-24,Queens CD 12,Queens,"Jamaica, St. Albans, & Hollis",1779.6666666666667,618.9250288447032,56,0.8582131485296872,0.09690445862589632
2022-24,Queens CD 13,Queens,"Queens Village, Bellerose, & Rosedale",1306.0,477.22954537928257,41,0.8624298111281266,0.1145006365525602
2022-24,Queens CD 14,Queens,The Rockaways,330.0,255.0106391759306,10,0.7747474747474747,0.21369585374489128
2022-24,Queens CD 2,Queens,"Long Island City, Sunnyside, & Woodside",2948.6666666666665,704.7224286353222,76,0.3926068279448338,0.11783894758062048
2022-24,Queens CD 3,Queens,Jackson Heights & East Elmhurst,965.6666666666666,407.4242124582463,28,0.9054193993786676,0.12390665148717307
2022-24,Queens CD 4,Queens,Elmhurst & Corona,1346.6666666666667,471.7396149907984,49,0.8601485148514851,0.09560092600343487
2022-24,Queens CD 5,Queens,"Ridgewood, Maspeth, & Middle Village",2054.3333333333335,635.2658795382887,56,0.7947428200551679,0.09805448946582182
2022-24,Queens CD 6,Queens,Forest Hills & Rego Park,842.3333333333334,375.52159059211675,25,0.3007518796992481,0.15546503878193968
2022-24,Queens CD 7,Queens,"Flushing, Murray Hill, & Whitestone",520.3333333333334,251.15136228837295,18,0.7014734144778988,0.20793705929700756
2022-24,Queens CD 8,Queens,"Fresh Meadows, Hillcrest, & Briarwood",1132.3333333333333,451.7088827566379,35,0.8045334118339712,0.17810446557170936
2022-24,Queens CD 9,Queens,"Kew Gardens, Richmond Hill, & Woodhaven",1198.3333333333333,428.6676802481213,38,0.6778859527121002,0.20985978609724468
2022-24,Staten Island CD 1,Staten Island,North Shore,406.0,207.52475316513448,15,0.9195402298850575,0.10069410710212251
2022-24,Staten Island CD 2,Staten Island,Mid-Island,248.33333333333334,178.9542770211617,9,0.8335570469798658,0.20614691672254246
2022-24,Staten Island CD 3,Staten Island,South Shore,848.6666666666666,417.14047036256926,16,0.39473684210526316,0.24598913478756623
