year,geo,band,inmovers,moe
2011,NYC,<$25k,59227.0,6498.815758072101
2011,NYC,$25-50k,17954.0,3517.945036661495
2011,NYC,$50-100k,23498.0,3972.404587535899
2011,NYC,$100k+,11222.0,3312.594340397342
2011,Manhattan,<$25k,27577.0,4991.064786248522
2011,Manhattan,$25-50k,9097.0,2892.2063281057594
2011,Manhattan,$50-100k,14387.0,3638.6290983890826
2011,Manhattan,$100k+,10036.0,3363.8504203477523
2012,NYC,<$25k,60644.0,7163.286503253412
2012,NYC,$25-50k,16922.0,2864.448187846134
2012,NYC,$50-100k,20007.0,3677.634602678398
2012,NYC,$100k+,9700.0,2634.032666424479
2012,Manhattan,<$25k,27781.0,5264.930139619851
2012,Manhattan,$25-50k,7574.0,2062.57933215822
2012,Manhattan,$50-100k,11680.0,3119.2228700519304
2012,Manhattan,$100k+,7654.0,2568.9422313855657
2013,NYC,<$25k,56593.0,6295.65474977891
2013,NYC,$25-50k,16736.0,3188.1473137997796
2013,NYC,$50-100k,20988.0,3627.4777094508104
2013,NYC,$100k+,7470.0,2060.891294716924
2013,Manhattan,<$25k,20070.0,3756.564929241041
2013,Manhattan,$25-50k,6546.0,2648.2067638304793
2013,Manhattan,$50-100k,11352.0,3099.3321413027843
2013,Manhattan,$100k+,5007.0,1930.380830770188
2014,NYC,<$25k,58058.0,5569.506225265509
2014,NYC,$25-50k,18617.0,3090.385654123325
2014,NYC,$50-100k,21837.0,2969.2241797782804
2014,NYC,$100k+,8362.0,2260.1672939809678
2014,Manhattan,<$25k,27179.0,4598.741740494078
2014,Manhattan,$25-50k,7563.0,1792.6365517593772
2014,Manhattan,$50-100k,11308.0,2309.2762291327344
2014,Manhattan,$100k+,6141.0,1987.2107928111202
2015,NYC,<$25k,49071.0,5176.995805708172
2015,NYC,$25-50k,19062.0,3580.073708322917
2015,NYC,$50-100k,19019.0,3188.875226435451
2015,NYC,$100k+,11676.0,3203.868509642874
2015,Manhattan,<$25k,25162.0,4301.186032917259
2015,Manhattan,$25-50k,9068.0,2692.888966448023
2015,Manhattan,$50-100k,10580.0,2441.690988383102
2015,Manhattan,$100k+,8429.0,2901.6596066294546
2016,NYC,<$25k,53076.0,5750.682985247492
2016,NYC,$25-50k,19826.0,3521.863421346184
2016,NYC,$50-100k,22976.0,4413.556627742388
2016,NYC,$100k+,12425.0,3352.719028750955
2016,Manhattan,<$25k,22349.0,3878.172941370556
2016,Manhattan,$25-50k,7068.0,2065.8385561694436
2016,Manhattan,$50-100k,13871.0,4051.233381028548
2016,Manhattan,$100k+,7856.0,2963.192361776611
2017,NYC,<$25k,41352.0,4087.5708942148635
2017,NYC,$25-50k,18683.0,3198.589052629495
2017,NYC,$50-100k,25168.0,4063.1172996659843
2017,NYC,$100k+,10275.0,2460.8490473561665
2017,Manhattan,<$25k,19203.0,2927.549520165287
2017,Manhattan,$25-50k,9408.0,2506.8658242537135
2017,Manhattan,$50-100k,14345.0,3281.215920360355
2017,Manhattan,$100k+,7136.0,2317.064631753396
2018,NYC,<$25k,45050.0,4456.921285873664
2018,NYC,$25-50k,15424.0,2375.0579557489223
2018,NYC,$50-100k,22347.0,3447.114907674968
2018,NYC,$100k+,9202.0,2326.385962861709
2018,Manhattan,<$25k,19422.0,3058.4510707065842
2018,Manhattan,$25-50k,7528.0,1758.9773547078428
2018,Manhattan,$50-100k,10490.0,2849.3339837254075
2018,Manhattan,$100k+,5626.0,1745.4172482690205
2019,NYC,<$25k,46297.0,5671.93829244686
2019,NYC,$25-50k,17157.0,3033.6966281333243
2019,NYC,$50-100k,20440.0,3384.3872158237527
2019,NYC,$100k+,13637.0,2916.411216762822
2019,Manhattan,<$25k,18868.0,3865.4206709719842
2019,Manhattan,$25-50k,8152.0,2127.58382038464
2019,Manhattan,$50-100k,11322.0,2532.8330814023752
2019,Manhattan,$100k+,8471.0,2466.952236450627
2021,NYC,<$25k,51461.0,5494.673498345352
2021,NYC,$25-50k,15189.0,2735.0553802674635
2021,NYC,$50-100k,22359.0,3377.687316637303
2021,NYC,$100k+,13761.0,2858.402265024773
2021,Manhattan,<$25k,31245.0,5043.556519673766
2021,Manhattan,$25-50k,6654.0,1743.1539219210536
2021,Manhattan,$50-100k,12144.0,2855.834133807932
2021,Manhattan,$100k+,8809.0,2507.6120418001765
2022,NYC,<$25k,56665.0,6785.896718650656
2022,NYC,$25-50k,22113.0,3436.038280875411
2022,NYC,$50-100k,28629.0,4144.894817134386
2022,NYC,$100k+,18405.0,3446.041845752711
2022,Manhattan,<$25k,25442.0,4293.729845717037
2022,Manhattan,$25-50k,10347.0,2325.364226500872
2022,Manhattan,$50-100k,14610.0,2738.4269099649164
2022,Manhattan,$100k+,11148.0,2512.8459168918416
2023,NYC,<$25k,54880.0,6209.847459806481
2023,NYC,$25-50k,19057.0,2894.059678273757
2023,NYC,$50-100k,25682.0,4194.265648556521
2023,NYC,$100k+,17174.0,3282.474854323716
2023,Manhattan,<$25k,18740.0,2936.6231123179564
2023,Manhattan,$25-50k,7965.0,2162.124728399416
2023,Manhattan,$50-100k,12236.0,3127.09377180554
2023,Manhattan,$100k+,11062.0,2812.986819861364
2024,NYC,<$25k,48280.0,5114.2810048488245
2024,NYC,$25-50k,14038.0,2807.4929506663507
2024,NYC,$50-100k,26407.0,3845.987344244648
2024,NYC,$100k+,20296.0,3305.6552303514654
2024,Manhattan,<$25k,19090.0,2953.3487468348962
2024,Manhattan,$25-50k,6833.0,2085.727636868906
2024,Manhattan,$50-100k,14046.0,3330.1453498362876
2024,Manhattan,$100k+,12040.0,2465.8622428179156
